result_version,session_mode,id,category,message,intent_hint,status_code,ok,confirm_required,intent,run_id,latency_ms,tested_at,response,error
v20260226-r2-security,isolated,DQ001,能力与流程,在吗？我第一次用这个系统，你大概能帮我干啥？,CLARIFY_OR_POLICY,200,True,False,UNKNOWN,b0c814ab-d611-4dbd-9e0a-90a8834a3903,8764,2026-02-26T14:18:41,您好，我在。您可以直接告诉我需求，比如下单、查订单、取消订单、改地址、投诉建议。,
v20260226-r2-security,isolated,DQ002,能力与流程,我不太会点网页，你能像真人客服那样一步一步带我吗？,CLARIFY_OR_POLICY,200,True,False,UNKNOWN,0fce5a34-b17d-4add-8d41-0bc4cc95b9b8,614,2026-02-26T14:18:42,"可以的，我会按最少必要信息一步步问您，不会让您一次填很多项。
我现在能直接处理：下单、查订单、支付、取消、改址、投诉建议、修改昵称、购物车加减与结算。
下单时我会默认带出您的常用联系人和默认地址，您只要说需要改哪一项就行。",
v20260226-r2-security,isolated,DQ003,能力与流程,你这边是只管下单，还是投诉、改地址这些都能办？,CLARIFY_OR_POLICY,200,True,False,MODIFY_ORDER,75e8f786-8975-4ae9-b6a8-c01c84122468,682,2026-02-26T14:18:43,按规则，服务开始前至少 1 小时才能改址。把订单号发我，我先帮您判断是否可改。,
v20260226-r2-security,isolated,DQ004,能力与流程,我是门店店长，平时最常用哪些功能你先给我讲讲。,CLARIFY_OR_POLICY,200,True,False,UNKNOWN,ff7919c5-2d21-46f3-b01f-2d7dddac0dd2,1417,2026-02-26T14:18:44,我在，您直接告诉我现在要办哪件事就行，我会接着为您处理。,
v20260226-r2-security,isolated,DQ005,能力与流程,我说话可能比较碎，你能自己整理重点吗？,CLARIFY_OR_POLICY,200,True,False,UNKNOWN,614f37d1-2fbe-461b-8c03-7d580e34de62,1867,2026-02-26T14:18:46,我在，您直接告诉我现在要办哪件事就行，我会接着为您处理。,
v20260226-r2-security,isolated,DQ006,能力与流程,我要是只说‘帮我处理一下’，你会先问我什么？,CLARIFY_OR_POLICY,200,True,False,UNKNOWN,60b52687-53e4-431a-b466-59eb89747327,696,2026-02-26T14:18:47,"可以的，我会按最少必要信息一步步问您，不会让您一次填很多项。
我现在能直接处理：下单、查订单、支付、取消、改址、投诉建议、修改昵称、购物车加减与结算。
下单时我会默认带出您的常用联系人和默认地址，您只要说需要改哪一项就行。",
v20260226-r2-security,isolated,DQ007,能力与流程,先别下单，我想知道取消规则和改址规则，简单说重点。,CLARIFY_OR_POLICY,200,True,False,MODIFY_ORDER,3cd797c9-d5d0-40b3-b081-6fa79d0dc802,705,2026-02-26T14:18:48,按规则，服务开始前至少 1 小时才能改址。把订单号发我，我先帮您判断是否可改。,
v20260226-r2-security,isolated,DQ008,能力与流程,你会不会直接给我下单？我希望先确认再动手。,CLARIFY_OR_POLICY,200,True,False,CREATE_ORDER,592d81da-d7e3-4479-b204-6be96a1f238c,722,2026-02-26T14:18:49,没问题，我来一步步帮您下单。先确认服务类型：瓶装配送、换瓶、安装、安检、报修或配件。,
v20260226-r2-security,isolated,DQ009,能力与流程,你查订单是按订单号，还是按我这个账号就能查？,CLARIFY_OR_POLICY,200,True,False,QUERY_ORDER,2aa362db-11d9-4100-bd3b-a5cea7b737e9,772,2026-02-26T14:18:50,"给您查到这些订单：
1. LPG202602250042331946 | 瓶装配送 | 已支付 | 预计 2026-02-26 08:30
2. LPG202602250042206857 | 瓶装配送 | 已过期 | 预计 2026-02-26 08:30
3. LPG202602191134369119 | 瓶装配送 | 已过期 | 预计 2026-02-19 12:34
4. LPG202602191121149000 | 瓶装配送 | 已过期 | 预计 2026-02-19 12:21
5. LPG202602190457274950 | 瓶装配送 | 已过期 | 预计 2026-02-20 09:00
要看某一单详情，直接把订单号发我。",
v20260226-r2-security,isolated,DQ010,能力与流程,我不想每次都重复地址电话，你能默认带出来吗？,CLARIFY_OR_POLICY,200,True,False,UNKNOWN,50106155-6b60-449d-b7ec-07f88aebd401,682,2026-02-26T14:18:51,"可以的，我会按最少必要信息一步步问您，不会让您一次填很多项。
我现在能直接处理：下单、查订单、支付、取消、改址、投诉建议、修改昵称、购物车加减与结算。
下单时我会默认带出您的常用联系人和默认地址，您只要说需要改哪一项就行。",
v20260226-r2-security,isolated,DQ011,能力与流程,你这边是24小时都能下单吗，夜里会怎么安排？,CLARIFY_OR_POLICY,200,True,False,CREATE_ORDER,2e2ca515-c932-4bcf-b74b-5d392dc50a8e,697,2026-02-26T14:18:52,没问题，我来一步步帮您下单。先确认服务类型：瓶装配送、换瓶、安装、安检、报修或配件。,
v20260226-r2-security,isolated,DQ012,能力与流程,我比较着急，你回答能不能短一点，别太官方。,CLARIFY_OR_POLICY,200,True,False,UNKNOWN,66329f51-af87-4ba0-8693-4d927849fc01,665,2026-02-26T14:18:52,"可以的，我会按最少必要信息一步步问您，不会让您一次填很多项。
我现在能直接处理：下单、查订单、支付、取消、改址、投诉建议、修改昵称、购物车加减与结算。
下单时我会默认带出您的常用联系人和默认地址，您只要说需要改哪一项就行。",
v20260226-r2-security,isolated,DQ013,能力与流程,如果我说错了服务类型，你会提醒我改吗？,CLARIFY_OR_POLICY,200,True,False,UNKNOWN,a2a10785-12bb-4003-ad13-e0294817c191,1939,2026-02-26T14:18:54,我在，您直接告诉我现在要办哪件事就行，我会接着为您处理。,
v20260226-r2-security,isolated,DQ014,能力与流程,我有时候会发语音转文字，错别字挺多，你能看懂吗？,CLARIFY_OR_POLICY,200,True,False,UNKNOWN,8fdd3b36-bb7f-47e2-9c74-3f68384c5e16,1748,2026-02-26T14:18:56,我在，您直接告诉我现在要办哪件事就行，我会接着为您处理。,
v20260226-r2-security,isolated,DQ015,能力与流程,你是机器人我知道，但回复能不能别那么模板化。,CLARIFY_OR_POLICY,200,True,False,UNKNOWN,8ad577ea-55d9-4ba1-a5eb-e43826718309,1731,2026-02-26T14:18:58,我在，您直接告诉我现在要办哪件事就行，我会接着为您处理。,
v20260226-r2-security,isolated,DQ016,能力与流程,先告诉我：你现在能做、不能做的各三条就行。,CLARIFY_OR_POLICY,200,True,False,UNKNOWN,4f28ca46-61bc-4eb7-bc62-c92b1a0d02ac,855,2026-02-26T14:18:59,"可以的，我会按最少必要信息一步步问您，不会让您一次填很多项。
我现在能直接处理：下单、查订单、支付、取消、改址、投诉建议、修改昵称、购物车加减与结算。
下单时我会默认带出您的常用联系人和默认地址，您只要说需要改哪一项就行。",
v20260226-r2-security,isolated,DQ017,下单-瓶装配送,我要叫气，今天能送吗？,ORDER_CREATE,200,True,False,CREATE_ORDER,1454cabe-3d19-49a2-b214-c518f7ee1d84,636,2026-02-26T14:19:00,好的，您要办理的是“瓶装配送”。15kg 已记下，请问需要几瓶？,
v20260226-r2-security,isolated,DQ018,下单-瓶装配送,帮我送两瓶15公斤的，越快越好。,ORDER_CREATE,200,True,False,CREATE_ORDER,2d18d08b-6ff6-40b0-88d3-9f541e35779e,603,2026-02-26T14:19:01,没问题，我来一步步帮您下单。先确认服务类型：瓶装配送、换瓶、安装、安检、报修或配件。,
v20260226-r2-security,isolated,DQ019,下单-瓶装配送,我这边后厨快没气了，先来一瓶45kg顶着用。,ORDER_CREATE,200,True,False,CREATE_ORDER,d933f18e-0e56-46ca-9684-0f03fdbac8bc,701,2026-02-26T14:19:02,没问题，我来一步步帮您下单。先确认服务类型：瓶装配送、换瓶、安装、安检、报修或配件。,
v20260226-r2-security,isolated,DQ020,下单-瓶装配送,15kg来2瓶，地址先用我默认的。,ORDER_CREATE,200,True,False,UNKNOWN,95a70a8e-649f-4dcb-938a-6b0c8072ebf7,618,2026-02-26T14:19:02,"您当前默认地址是：广东省（改成王姐 123）
共 5 个地址。
如需切换默认地址，告诉我“把地址ID 12 设为默认地址”即可。",
v20260226-r2-security,isolated,DQ021,下单-瓶装配送,给我送个小瓶，5kg那种，一瓶就行。,ORDER_CREATE,200,True,False,CREATE_ORDER,f66dc431-8cbc-4610-ae04-d6df9796f0d9,627,2026-02-26T14:19:03,没问题，我来一步步帮您下单。先确认服务类型：瓶装配送、换瓶、安装、安检、报修或配件。,
v20260226-r2-security,isolated,DQ022,下单-瓶装配送,晚上十点还能送不？我要两瓶15kg。,ORDER_CREATE,200,True,False,CREATE_ORDER,fa2ffb19-ba77-44f2-9c49-d98e5c8e504e,796,2026-02-26T14:19:04,没问题，我来一步步帮您下单。先确认服务类型：瓶装配送、换瓶、安装、安检、报修或配件。,
v20260226-r2-security,isolated,DQ023,下单-瓶装配送,明早能送吗？大概9点到11点那段。,ORDER_CREATE,200,True,False,UNKNOWN,f597e2fc-3bc6-4ea5-8bc9-5b02e8b71477,1696,2026-02-26T14:19:06,我在，您直接告诉我现在要办哪件事就行，我会接着为您处理。,
v20260226-r2-security,isolated,DQ024,下单-瓶装配送,我就一句话：送煤气来。你继续问我吧。,ORDER_CREATE,200,True,False,CREATE_ORDER,af3ff6c9-9ee2-4619-a9ce-3e4d0e95004c,630,2026-02-26T14:19:07,好的，您要办理的是“瓶装配送”。15kg 已记下，请问需要几瓶？,
v20260226-r2-security,isolated,DQ025,下单-瓶装配送,我赶时间，能走加急就走加急。,ORDER_CREATE,200,True,False,UNKNOWN,7f852f8b-5b10-4616-89ca-196a5c5b79b6,1755,2026-02-26T14:19:09,我在，您直接告诉我现在要办哪件事就行，我会接着为您处理。,
v20260226-r2-security,isolated,DQ026,下单-瓶装配送,备注一下：到门口别按铃，打电话就行。,ORDER_CREATE,200,True,False,UNKNOWN,58f68212-4533-442c-a9ed-38130c5312fd,1332,2026-02-26T14:19:10,我在，您直接告诉我现在要办哪件事就行，我会接着为您处理。,
v20260226-r2-security,isolated,DQ027,下单-瓶装配送,联系人改成王师傅，电话13800138000。,ORDER_CREATE,200,True,False,UNKNOWN,35a81beb-2cc7-4b50-8325-ff74d03bbda8,1708,2026-02-26T14:19:12,我在，您直接告诉我现在要办哪件事就行，我会接着为您处理。,
v20260226-r2-security,isolated,DQ028,下单-瓶装配送,我手机快没电了，你先把需要我确认的都一次性说完。,ORDER_CREATE,200,True,False,UNKNOWN,a4f5af18-a57d-4496-ab63-029c780479e7,2002,2026-02-26T14:19:14,我在，您直接告诉我现在要办哪件事就行，我会接着为您处理。,
v20260226-r2-security,isolated,DQ029,下单-瓶装配送,下单但先别创建，我想先看看订单内容有没有错。,ORDER_CREATE,200,True,False,QUERY_ORDER,86ce925b-009c-4857-9792-d5a6b4fd98bd,607,2026-02-26T14:19:15,"给您查到这些订单：
1. LPG202602250042331946 | 瓶装配送 | 已支付 | 预计 2026-02-26 08:30
2. LPG202602250042206857 | 瓶装配送 | 已过期 | 预计 2026-02-26 08:30
3. LPG202602191134369119 | 瓶装配送 | 已过期 | 预计 2026-02-19 12:34
4. LPG202602191121149000 | 瓶装配送 | 已过期 | 预计 2026-02-19 12:21
5. LPG202602190457274950 | 瓶装配送 | 已过期 | 预计 2026-02-20 09:00
要看某一单详情，直接把订单号发我。",
v20260226-r2-security,isolated,DQ030,下单-瓶装配送,我要两罐气，型号我不懂，你给我推荐最常用的。,ORDER_CREATE,200,True,False,UNKNOWN,733fe86a-5d7c-4e35-bff9-ba8aa27937c7,1906,2026-02-26T14:19:17,我在，您直接告诉我现在要办哪件事就行，我会接着为您处理。,
v20260226-r2-security,isolated,DQ031,下单-瓶装配送,ASAP下单，地址不变，电话不变，直接帮我补完流程。,ORDER_CREATE,200,True,False,CREATE_ORDER,0dcd21dd-b3b2-4e98-a668-d2026bf078fa,622,2026-02-26T14:19:18,没问题，我来一步步帮您下单。先确认服务类型：瓶装配送、换瓶、安装、安检、报修或配件。,
v20260226-r2-security,isolated,DQ032,下单-瓶装配送,今天19-21点要能到，能安排就下。,ORDER_CREATE,200,True,False,UNKNOWN,66168333-587a-4888-a5ac-dd977537f906,1605,2026-02-26T14:19:20,我在，您直接告诉我现在要办哪件事就行，我会接着为您处理。,
v20260226-r2-security,isolated,DQ033,下单-瓶装配送,我要开发票，抬头是‘上海禾川餐饮有限公司’。,ORDER_CREATE,200,True,False,UNKNOWN,1e6c7819-7ec1-488d-9392-d369c1feb7ec,594,2026-02-26T14:19:20,可以开票。我先记下您的开票要求；如果您是新下单，我会把发票信息一并写进备注里，后续只需要继续补齐下单信息即可。,
v20260226-r2-security,isolated,DQ034,下单-瓶装配送,开票税号我等会发，你先把其他信息问完。,ORDER_CREATE,200,True,False,UNKNOWN,db61c767-0f68-4419-b6ad-84660b867919,620,2026-02-26T14:19:21,可以开票。我先记下您的开票要求；如果您是新下单，我会把发票信息一并写进备注里，后续只需要继续补齐下单信息即可。,
v20260226-r2-security,isolated,DQ035,下单-瓶装配送,送到仓库北门，司机到了给我打电话。,ORDER_CREATE,200,True,False,UNKNOWN,4033cbbf-7083-4594-b281-d20f9978d077,1749,2026-02-26T14:19:23,我在，您直接告诉我现在要办哪件事就行，我会接着为您处理。,
v20260226-r2-security,isolated,DQ036,下单-瓶装配送,我这个单子不加急，正常排就行。,ORDER_CREATE,200,True,False,UNKNOWN,abd5f5c6-42ab-411d-b8f5-9524798e322a,1507,2026-02-26T14:19:25,我在，您直接告诉我现在要办哪件事就行，我会接着为您处理。,
v20260226-r2-security,isolated,DQ037,下单-瓶装配送,先帮我算个总价，我确认后你再下。,ORDER_CREATE,200,True,False,QUERY_ORDER,93e637d6-6f1c-4603-8843-9d070a1d1817,673,2026-02-26T14:19:25,"我先按您最近一笔订单给您拆分：
订单 LPG202602250042331946 费用明细：
1) 小计：¥120.00
2) 加急费：¥12.00
3) 总计：¥132.00
如果您想看其他订单，直接告诉我订单号即可。",
v20260226-r2-security,isolated,DQ038,下单-瓶装配送,我想‘尽快’，但别太晚，超过21点就明天吧。,ORDER_CREATE,200,True,False,UNKNOWN,a7f03aec-61a1-40b0-aec9-5e9246ed8947,1787,2026-02-26T14:19:27,我在，您直接告诉我现在要办哪件事就行，我会接着为您处理。,
v20260226-r2-security,isolated,DQ039,下单-瓶装配送,我要1瓶45kg，最好今天下午能到。,ORDER_CREATE,200,True,False,CREATE_ORDER,e1183f4d-937a-4a98-b0ae-1de10a76f857,601,2026-02-26T14:19:28,没问题，我来一步步帮您下单。先确认服务类型：瓶装配送、换瓶、安装、安检、报修或配件。,
v20260226-r2-security,isolated,DQ040,下单-瓶装配送,你先问我缺什么，不要一上来给我长表格。,ORDER_CREATE,200,True,False,UNKNOWN,20bfb60a-daa3-4414-bff0-9a710cf4d4d3,929,2026-02-26T14:19:29,我在，您直接告诉我现在要办哪件事就行，我会接着为您处理。,
v20260226-r2-security,isolated,DQ041,下单-瓶装配送,下单信息你帮我复述一下，我怕说漏了。,ORDER_CREATE,200,True,False,CREATE_ORDER,7f691954-b536-4c60-81bb-64ef366537db,602,2026-02-26T14:19:30,没问题，我来一步步帮您下单。先确认服务类型：瓶装配送、换瓶、安装、安检、报修或配件。,
v20260226-r2-security,isolated,DQ042,下单-瓶装配送,现在下，时间你按系统最早可达安排。,ORDER_CREATE,200,True,False,UNKNOWN,a9c18321-0e0b-44d1-a640-264d485db710,1821,2026-02-26T14:19:32,我在，您直接告诉我现在要办哪件事就行，我会接着为您处理。,
v20260226-r2-security,isolated,DQ043,下单-瓶装配送,送气+开票一起办，别让我分两次说。,ORDER_CREATE,200,True,False,UNKNOWN,d4924af3-915c-4b6e-a36f-02214a7fcdd5,644,2026-02-26T14:19:33,可以开票。我先记下您的开票要求；如果您是新下单，我会把发票信息一并写进备注里，后续只需要继续补齐下单信息即可。,
v20260226-r2-security,isolated,DQ044,下单-瓶装配送,来两瓶15kg，备注‘从后门进，前厅忙’。,ORDER_CREATE,200,True,False,CREATE_ORDER,3e8ce40c-14f9-4fe4-95e1-50e9f69ad443,819,2026-02-26T14:19:34,没问题，我来一步步帮您下单。先确认服务类型：瓶装配送、换瓶、安装、安检、报修或配件。,
v20260226-r2-security,isolated,DQ045,下单-瓶装配送,如果今天排不上，你给我一个明早最早时间。,ORDER_CREATE,200,True,False,UNKNOWN,5da3b36a-e44e-483e-8734-bf59b456edc4,1276,2026-02-26T14:19:35,我在，您直接告诉我现在要办哪件事就行，我会接着为您处理。,
v20260226-r2-security,isolated,DQ046,下单-瓶装配送,我就一句：给我来气。你来主导提问。,ORDER_CREATE,200,True,False,CREATE_ORDER,7800d582-4c48-4bb1-972a-443e9854fbe8,655,2026-02-26T14:19:36,好的，您要办理的是“瓶装配送”。15kg 已记下，请问需要几瓶？,
v20260226-r2-security,isolated,DQ047,下单-瓶装配送,数量先按1瓶，你再问我要不要改。,ORDER_CREATE,200,True,False,UNKNOWN,eec5ae78-04cb-4fe7-94c4-fd5c43a29b25,1813,2026-02-26T14:19:38,我在，您直接告诉我现在要办哪件事就行，我会接着为您处理。,
v20260226-r2-security,isolated,DQ048,下单-瓶装配送,我地址有门禁，备注加一句‘到门口电话联系’。,ORDER_CREATE,200,True,False,UNKNOWN,469df773-6289-4f6e-880f-2843582009e9,1422,2026-02-26T14:19:39,我可以帮您处理账户和地址。您可以说“看我的资料”“新增地址”或“把地址ID 12 设为默认”。,
v20260226-r2-security,isolated,DQ049,下单-瓶装配送,给我下单，联系人用李姐，别用账号默认名字。,ORDER_CREATE,200,True,False,CREATE_ORDER,1a516218-cb44-484b-af79-a6f37a94de7d,639,2026-02-26T14:19:40,没问题，我来一步步帮您下单。先确认服务类型：瓶装配送、换瓶、安装、安检、报修或配件。,
v20260226-r2-security,isolated,DQ050,下单-瓶装配送,我这个是公司用气，发票必须开普票。,ORDER_CREATE,200,True,False,UNKNOWN,4743dd58-e248-4e64-8f5b-ffc35034d879,621,2026-02-26T14:19:41,可以开票。我先记下您的开票要求；如果您是新下单，我会把发票信息一并写进备注里，后续只需要继续补齐下单信息即可。,
v20260226-r2-security,isolated,DQ051,下单-瓶装配送,你先把关键字段确认好，再说创建订单。,ORDER_CREATE,200,True,False,UNKNOWN,0b4d1ff8-491c-4087-9ca4-609b0b6b4713,1803,2026-02-26T14:19:43,我在，您直接告诉我现在要办哪件事就行，我会接着为您处理。,
v20260226-r2-security,isolated,DQ052,下单-瓶装配送,15公斤两瓶，别加急，明天下午。,ORDER_CREATE,200,True,False,CREATE_ORDER,e354fbca-bc6b-4176-9660-293def9536b8,736,2026-02-26T14:19:44,没问题，我来一步步帮您下单。先确认服务类型：瓶装配送、换瓶、安装、安检、报修或配件。,
v20260226-r2-security,isolated,DQ053,下单-瓶装配送,我想边聊边改参数，别每次都重头再来。,ORDER_CREATE,200,True,False,UNKNOWN,09981def-8a34-4352-a199-566809e0bcfe,1302,2026-02-26T14:19:45,我在，您直接告诉我现在要办哪件事就行，我会接着为您处理。,
v20260226-r2-security,isolated,DQ054,下单-瓶装配送,下单后如果发现地址错了，你要提醒我改址时限。,ORDER_CREATE,200,True,False,MODIFY_ORDER,358c7c21-c435-408b-a1b2-0abf83d36878,638,2026-02-26T14:19:46,按规则，服务开始前至少 1 小时才能改址。把订单号发我，我先帮您判断是否可改。,
v20260226-r2-security,isolated,DQ055,下单-安装安检报修换瓶,我要预约安装，明天下午有空档吗？,ORDER_CREATE,200,True,True,CREATE_ORDER,92658a82-c7fd-47e4-82fd-eea9cfad0454,631,2026-02-26T14:19:47,"我先把订单信息整理好了，您确认一下：
1. 服务类型：安装
2. 服务项目：我要预约安装,明天下午有空档吗?
3. 服务地址：默认地址
4. 联系方式：用李姐 13800138000
5. 预约时间：2026-02-27 13:00-15:00
6. 是否加急：是
7. 备注：无
温馨提示：如需补充备注，请尽量在预计开始前30分钟告诉我。

请确认上面的订单信息是否正确。回复“确认下单”我就为您提交；如需修改，直接告诉我要改哪一项。",
v20260226-r2-security,isolated,DQ056,下单-安装安检报修换瓶,做个安检，本周内都行，你帮我排。,ORDER_CREATE,200,True,True,CREATE_ORDER,fefc4a9c-ea19-442d-b2e2-76b64368bd00,608,2026-02-26T14:19:48,"我先把订单信息整理好了，您确认一下：
1. 服务类型：安检
2. 服务项目：做个安检,本周内都行,你帮我排。
3. 服务地址：默认地址
4. 联系方式：用李姐 13800138000
5. 预约时间：立即配送（系统自动分配）
6. 是否加急：是
7. 备注：无
温馨提示：如需补充备注，请尽量在预计开始前30分钟告诉我。

请确认上面的订单信息是否正确。回复“确认下单”我就为您提交；如需修改，直接告诉我要改哪一项。",
v20260226-r2-security,isolated,DQ057,下单-安装安检报修换瓶,报修，灶台点火老是失败。,ORDER_CREATE,200,True,True,CREATE_ORDER,67463267-337a-436d-9889-cb4905250b5f,612,2026-02-26T14:19:48,"我先把订单信息整理好了，您确认一下：
1. 服务类型：报修
2. 服务项目：报修,灶台点火老是失败。
3. 服务地址：默认地址
4. 联系方式：用李姐 13800138000
5. 预约时间：立即配送（系统自动分配）
6. 是否加急：是
7. 备注：无
温馨提示：如需补充备注，请尽量在预计开始前30分钟告诉我。

请确认上面的订单信息是否正确。回复“确认下单”我就为您提交；如需修改，直接告诉我要改哪一项。",
v20260226-r2-security,isolated,DQ058,下单-安装安检报修换瓶,我要换瓶，15kg一瓶，旧瓶要回收。,ORDER_CREATE,200,True,False,CREATE_ORDER,ffd2ff73-f53c-4c97-8941-eb4c5f1f738e,725,2026-02-26T14:19:49,好的，您要办理的是“换瓶”。换瓶服务再确认一下：是否回收空瓶？回复“是”或“否”即可。,
v20260226-r2-security,isolated,DQ059,下单-安装安检报修换瓶,安装都能装啥？先给我几个常见项目。,ORDER_CREATE,200,True,True,CREATE_ORDER,ea7659f1-beaa-44b3-b19e-19138da036ff,616,2026-02-26T14:19:50,"我先把订单信息整理好了，您确认一下：
1. 服务类型：安装
2. 服务项目：安装都能装啥?先给我几个常见项目。
3. 服务地址：默认地址
4. 联系方式：用李姐 13800138000
5. 预约时间：立即配送（系统自动分配）
6. 是否加急：是
7. 备注：无
温馨提示：如需补充备注，请尽量在预计开始前30分钟告诉我。

请确认上面的订单信息是否正确。回复“确认下单”我就为您提交；如需修改，直接告诉我要改哪一项。",
v20260226-r2-security,isolated,DQ060,下单-安装安检报修换瓶,安检可以做后厨全套检查吗，我们是餐饮店。,ORDER_CREATE,200,True,True,CREATE_ORDER,e6d58212-d4bb-42d5-9efc-078653b84fe9,683,2026-02-26T14:19:51,"我先把订单信息整理好了，您确认一下：
1. 服务类型：安检
2. 服务项目：安检可以做后厨全套检查吗,我们是餐饮店。
3. 服务地址：默认地址
4. 联系方式：用李姐 13800138000
5. 预约时间：立即配送（系统自动分配）
6. 是否加急：是
7. 备注：无
温馨提示：如需补充备注，请尽量在预计开始前30分钟告诉我。

请确认上面的订单信息是否正确。回复“确认下单”我就为您提交；如需修改，直接告诉我要改哪一项。",
v20260226-r2-security,isolated,DQ061,下单-安装安检报修换瓶,报修先上门看，费用大概从多少起？,ORDER_CREATE,200,True,False,UNKNOWN,6dc4bb47-226f-4ecc-a354-886a46b5d1ee,2713,2026-02-26T14:19:54,"我查到以下信息供您参考：
1. Refund requests must be submitted within 7 days.
2. Delivery failure refunds process within 3 days.
3. Standard delivery window is 2 to 4 hours.
如果您愿意，我可以继续直接帮您办理相关业务。",
v20260226-r2-security,isolated,DQ062,下单-安装安检报修换瓶,我要装报警器+切断阀联动，按流程来。,ORDER_CREATE,200,True,True,CREATE_ORDER,e539dd1b-850d-4a3e-82ba-d6c30557fe0f,747,2026-02-26T14:19:55,"我先把订单信息整理好了，您确认一下：
1. 服务类型：配件
2. 服务项目：燃气报警器×1
3. 服务地址：默认地址
4. 联系方式：用李姐 13800138000
5. 预约时间：立即配送（系统自动分配）
6. 是否加急：是
7. 备注：无
温馨提示：如需补充备注，请尽量在预计开始前30分钟告诉我。

请确认上面的订单信息是否正确。回复“确认下单”我就为您提交；如需修改，直接告诉我要改哪一项。",
v20260226-r2-security,isolated,DQ063,下单-安装安检报修换瓶,今天能安排安检加急吗？,ORDER_CREATE,200,True,True,CREATE_ORDER,a0eace1a-9b70-42ab-b8b3-25cbc13d936e,637,2026-02-26T14:19:55,"我先把订单信息整理好了，您确认一下：
1. 服务类型：安检
2. 服务项目：今天能安排安检加急吗?
3. 服务地址：默认地址
4. 联系方式：用李姐 13800138000
5. 预约时间：立即配送（系统自动分配）
6. 是否加急：是
7. 备注：无
温馨提示：如需补充备注，请尽量在预计开始前30分钟告诉我。

请确认上面的订单信息是否正确。回复“确认下单”我就为您提交；如需修改，直接告诉我要改哪一项。",
v20260226-r2-security,isolated,DQ064,下单-安装安检报修换瓶,我想换瓶顺带做一次安检，能一起下吗？,ORDER_CREATE,200,True,False,CREATE_ORDER,1d336c7f-7a74-4aa2-ad29-5adf14426d6a,648,2026-02-26T14:19:56,好的，您要办理的是“换瓶”。15kg 已记下，请问需要几瓶？,
v20260226-r2-security,isolated,DQ065,下单-安装安检报修换瓶,地址默认，联系人改成张工，做安装服务。,ORDER_CREATE,200,True,False,UNKNOWN,5277f2f8-df8d-4a2d-8f67-78bd7413bbf1,654,2026-02-26T14:19:57,"您当前默认地址是：广东省（改成王姐 123）
共 5 个地址。
如需切换默认地址，告诉我“把地址ID 12 设为默认地址”即可。",
v20260226-r2-security,isolated,DQ066,下单-安装安检报修换瓶,疑似漏气，但还不确定，报修怎么下最稳妥？,ORDER_CREATE,200,True,True,CREATE_ORDER,9536fced-7023-4b73-b817-4f50590cd173,583,2026-02-26T14:19:58,"我先把订单信息整理好了，您确认一下：
1. 服务类型：报修
2. 服务项目：疑似漏气,但还不确定,报修怎么下最稳妥?
3. 服务地址：默认地址
4. 联系方式：用李姐 13800138000
5. 预约时间：立即配送（系统自动分配）
6. 是否加急：是
7. 备注：无
温馨提示：如需补充备注，请尽量在预计开始前30分钟告诉我。

请确认上面的订单信息是否正确。回复“确认下单”我就为您提交；如需修改，直接告诉我要改哪一项。",
v20260226-r2-security,isolated,DQ067,下单-安装安检报修换瓶,我要INSTALLATION，你直接按中文问我就好。,ORDER_CREATE,200,True,False,CREATE_ORDER,ab61fd06-f576-4df9-b05c-50443c04ca5e,743,2026-02-26T14:19:59,好的，您要办理的是“安装”。明白。请告诉我具体安装项目（例如：灶具安装、减压阀安装）。,
v20260226-r2-security,isolated,DQ068,下单-安装安检报修换瓶,我要SAFETY_CHECK，先别急着创建，先确认。,ORDER_CREATE,200,True,False,CREATE_ORDER,0c2be798-1c71-4eef-8782-faf7981ee23b,743,2026-02-26T14:20:00,好的，您要办理的是“安检”。收到。请告诉我安检范围（例如：厨房、后厨、整店）。,
v20260226-r2-security,isolated,DQ069,下单-安装安检报修换瓶,我要REPAIR，问题是火焰发黄还偶尔回火。,ORDER_CREATE,200,True,False,CREATE_ORDER,3992a9d2-40ee-42c6-aa37-859a54ba54e3,715,2026-02-26T14:20:00,好的，您要办理的是“报修”。收到。请描述一下故障现象，我好为您安排报修。,
v20260226-r2-security,isolated,DQ070,下单-安装安检报修换瓶,服务类型我说错了，改成换瓶，不是配送。,ORDER_CREATE,200,True,False,CREATE_ORDER,2ac02ac0-742d-48d0-a9c6-474ca1e343f4,660,2026-02-26T14:20:01,好的，您要办理的是“换瓶”。15kg 已记下，请问需要几瓶？,
v20260226-r2-security,isolated,DQ071,下单-安装安检报修换瓶,安装能指定10点到12点这个窗口吗？,ORDER_CREATE,200,True,True,CREATE_ORDER,c574474a-db88-46df-ad65-c05ac778071d,580,2026-02-26T14:20:02,"我先把订单信息整理好了，您确认一下：
1. 服务类型：安装
2. 服务项目：安装能指定10点到12点这个窗口吗?
3. 服务地址：默认地址
4. 联系方式：用李姐 13800138000
5. 预约时间：立即配送（系统自动分配）
6. 是否加急：是
7. 备注：无
温馨提示：如需补充备注，请尽量在预计开始前30分钟告诉我。

请确认上面的订单信息是否正确。回复“确认下单”我就为您提交；如需修改，直接告诉我要改哪一项。",
v20260226-r2-security,isolated,DQ072,下单-安装安检报修换瓶,我这个门店上午忙，尽量下午上门。,ORDER_CREATE,200,True,False,UNKNOWN,b9b8bfd1-ea1b-45c8-80dd-f0112fda9088,1817,2026-02-26T14:20:04,我在，您直接告诉我现在要办哪件事就行，我会接着为您处理。,
v20260226-r2-security,isolated,DQ073,下单-安装安检报修换瓶,报修备注：设备品牌是XX，型号我一会补。,ORDER_CREATE,200,True,True,CREATE_ORDER,adfccae3-d8aa-4053-8b25-1405772c7370,711,2026-02-26T14:20:05,"我先把订单信息整理好了，您确认一下：
1. 服务类型：报修
2. 服务项目：报修备注:设备品牌是XX,型号我一会补。
3. 服务地址：默认地址
4. 联系方式：用李姐 13800138000
5. 预约时间：立即配送（系统自动分配）
6. 是否加急：是
7. 备注：设备品牌是XX,型号我一会补
温馨提示：如需补充备注，请尽量在预计开始前30分钟告诉我。

请确认上面的订单信息是否正确。回复“确认下单”我就为您提交；如需修改，直接告诉我要改哪一项。",
v20260226-r2-security,isolated,DQ074,下单-安装安检报修换瓶,安检要开发票，抬头用公司全称。,ORDER_CREATE,200,True,False,UNKNOWN,d871e61f-d097-4b51-b1ff-e95ec2bf87b0,662,2026-02-26T14:20:06,可以开票。我先记下您的开票要求；如果您是新下单，我会把发票信息一并写进备注里，后续只需要继续补齐下单信息即可。,
v20260226-r2-security,isolated,DQ075,下单-安装安检报修换瓶,安装前需要准备什么，你顺便提醒我下。,ORDER_CREATE,200,True,True,CREATE_ORDER,951fa030-60d8-4435-997c-6aa77e1db37c,603,2026-02-26T14:20:06,"我先把订单信息整理好了，您确认一下：
1. 服务类型：安装
2. 服务项目：安装前需要准备什么,你顺便提醒我下。
3. 服务地址：默认地址
4. 联系方式：用李姐 13800138000
5. 预约时间：立即配送（系统自动分配）
6. 是否加急：是
7. 备注：无
温馨提示：如需补充备注，请尽量在预计开始前30分钟告诉我。

请确认上面的订单信息是否正确。回复“确认下单”我就为您提交；如需修改，直接告诉我要改哪一项。",
v20260226-r2-security,isolated,DQ076,下单-安装安检报修换瓶,换瓶数量先1，等会我可能改2。,ORDER_CREATE,200,True,False,CREATE_ORDER,931baee8-a675-420b-a69f-bd566f10a1e4,649,2026-02-26T14:20:07,好的，您要办理的是“换瓶”。15kg 已记下，请问需要几瓶？,
v20260226-r2-security,isolated,DQ077,下单-安装安检报修换瓶,报修单你先出个确认单，我看完再点头。,ORDER_CREATE,200,True,True,CREATE_ORDER,f95ea447-2dab-4f7f-a2b2-fb445460e1db,639,2026-02-26T14:20:08,"我先把订单信息整理好了，您确认一下：
1. 服务类型：报修
2. 服务项目：报修单你先出个确认单,我看完再点头。
3. 服务地址：默认地址
4. 联系方式：用李姐 13800138000
5. 预约时间：立即配送（系统自动分配）
6. 是否加急：是
7. 备注：无
温馨提示：如需补充备注，请尽量在预计开始前30分钟告诉我。

请确认上面的订单信息是否正确。回复“确认下单”我就为您提交；如需修改，直接告诉我要改哪一项。",
v20260226-r2-security,isolated,DQ078,下单-安装安检报修换瓶,我说得比较乱，你帮我整理成可下单的信息。,ORDER_CREATE,200,True,False,CREATE_ORDER,5c5ffe3b-7c9c-4579-a214-a465ac7afac0,714,2026-02-26T14:20:09,没问题，我来一步步帮您下单。先确认服务类型：瓶装配送、换瓶、安装、安检、报修或配件。,
v20260226-r2-security,isolated,DQ079,下单-安装安检报修换瓶,能不能别让我选太多项，你按必要项提问就行。,ORDER_CREATE,200,True,False,UNKNOWN,eb493012-3033-42fb-b121-98c8e775c3cb,1366,2026-02-26T14:20:10,我在，您直接告诉我现在要办哪件事就行，我会接着为您处理。,
v20260226-r2-security,isolated,DQ080,下单-安装安检报修换瓶,我希望你像真人客服那样追问，不要机器话术。,ORDER_CREATE,200,True,False,UNKNOWN,973a9e4b-fe46-4c6c-9710-9ca590e8f10c,1777,2026-02-26T14:20:12,我在，您直接告诉我现在要办哪件事就行，我会接着为您处理。,
v20260226-r2-security,isolated,DQ081,下单-安装安检报修换瓶,我有点急，先帮我判断该走报修还是安检。,ORDER_CREATE,200,True,True,CREATE_ORDER,a681d98b-2b05-48c9-bbd1-4d79393032f0,641,2026-02-26T14:20:13,"我先把订单信息整理好了，您确认一下：
1. 服务类型：安检
2. 服务项目：我有点急,先帮我判断该走报修还是安检。
3. 服务地址：默认地址
4. 联系方式：用李姐 13800138000
5. 预约时间：立即配送（系统自动分配）
6. 是否加急：是
7. 备注：无
温馨提示：如需补充备注，请尽量在预计开始前30分钟告诉我。

请确认上面的订单信息是否正确。回复“确认下单”我就为您提交；如需修改，直接告诉我要改哪一项。",
v20260226-r2-security,isolated,DQ082,下单-安装安检报修换瓶,把‘安装+安检’拆成哪种更合理，你建议一下。,ORDER_CREATE,200,True,True,CREATE_TICKET,b23ecfa7-a996-4f35-b576-fd83ab025ef1,716,2026-02-26T14:20:14,"将提交一条建议反馈（线上服务）。

确认的话回复“确认”，不执行回复“取消”。",
v20260226-r2-security,isolated,DQ083,配件商城与购物车,商城里帮我找个适配15kg的减压阀。,ACCESSORIES_OR_CART,200,True,True,CREATE_ORDER,d44a8b91-e945-448f-8338-65b516c2419c,742,2026-02-26T14:20:15,"我先把订单信息整理好了，您确认一下：
1. 服务类型：配件
2. 服务项目：安全减压阀×1
3. 服务地址：默认地址
4. 联系方式：用李姐 13800138000
5. 预约时间：立即配送（系统自动分配）
6. 是否加急：是
7. 备注：无
温馨提示：如需补充备注，请尽量在预计开始前30分钟告诉我。

请确认上面的订单信息是否正确。回复“确认下单”我就为您提交；如需修改，直接告诉我要改哪一项。",
v20260226-r2-security,isolated,DQ084,配件商城与购物车,我要买报警器和软管，先加购物车。,ACCESSORIES_OR_CART,200,True,True,UNKNOWN,6cdf2be2-3ee6-4c3f-a997-d1c609c94482,583,2026-02-26T14:20:16,"将加入购物车：耐高温燃气软管（2m）×1、燃气报警器×1。

确认的话回复“确认”，不执行回复“取消”。",
v20260226-r2-security,isolated,DQ085,配件商城与购物车,购物车现在几件了？总价给我看下。,ACCESSORIES_OR_CART,200,True,False,UNKNOWN,b6fdf576-dfe6-47ed-83da-7c90a9d3f6e9,662,2026-02-26T14:20:16,您的购物车目前是空的。您可以直接说“软管2件加入购物车”。,
v20260226-r2-security,isolated,DQ086,配件商城与购物车,把购物车里报警器数量改成2个。,ACCESSORIES_OR_CART,200,True,True,UNKNOWN,bb1ce1a9-7598-4e20-9091-70a551fb374e,647,2026-02-26T14:20:17,"将加入购物车：燃气报警器×2。

确认的话回复“确认”，不执行回复“取消”。",
v20260226-r2-security,isolated,DQ087,配件商城与购物车,最贵那件删掉，我预算不够。,ACCESSORIES_OR_CART,200,True,False,UNKNOWN,977fd562-d63c-40d3-8d16-df3854fdb17c,1895,2026-02-26T14:20:19,我在，您直接告诉我现在要办哪件事就行，我会接着为您处理。,
v20260226-r2-security,isolated,DQ088,配件商城与购物车,配件也能选配送时间吧？我要明天下午。,ACCESSORIES_OR_CART,200,True,False,UNKNOWN,d429a64f-85a5-4e6c-b1ac-9ad0e24e5c8c,596,2026-02-26T14:20:20,您的购物车目前是空的。您可以直接说“软管2件加入购物车”。,
v20260226-r2-security,isolated,DQ089,配件商城与购物车,配件单我要开票，抬头是苏州XX餐饮。,ACCESSORIES_OR_CART,200,True,False,UNKNOWN,cb54d7fe-bff9-4f5c-aa84-c3a93b80b966,707,2026-02-26T14:20:21,您的购物车目前是空的。您可以直接说“软管2件加入购物车”。,
v20260226-r2-security,isolated,DQ090,配件商城与购物车,配件和服务单能一起结算吗？,ACCESSORIES_OR_CART,200,True,False,UNKNOWN,81999c30-c8d8-423b-ab35-40272d1102a1,694,2026-02-26T14:20:22,购物车还是空的，先告诉我要加哪些配件吧。,
v20260226-r2-security,isolated,DQ091,配件商城与购物车,我先不支付，先生成订单看看。,ACCESSORIES_OR_CART,200,True,False,QUERY_ORDER,75cd8c21-05fd-4a94-8f43-fa11179f44cd,672,2026-02-26T14:20:22,请把要支付的订单号发我（例如：LPG2026020912345678），我马上处理。,
v20260226-r2-security,isolated,DQ092,配件商城与购物车,支付成功后订单列表能看到配件单吧？,ACCESSORIES_OR_CART,200,True,False,QUERY_ORDER,1a4ea924-33dc-4b6b-80a2-f56483859fa6,665,2026-02-26T14:20:23,请把要支付的订单号发我（例如：LPG2026020912345678），我马上处理。,
v20260226-r2-security,isolated,DQ093,配件商城与购物车,给我推荐3个后厨常用配件，实用点。,ACCESSORIES_OR_CART,200,True,False,CREATE_ORDER,ef7f8f2d-bf79-4133-9d98-711ddc70c044,749,2026-02-26T14:20:24,您要办理的是“配件”。好的，请告诉我配件和数量（例如：软管2件、减压阀1件）。,
v20260226-r2-security,isolated,DQ094,配件商城与购物车,买错了配件怎么取消，规则你说清楚。,ACCESSORIES_OR_CART,200,True,False,UNKNOWN,c9b55dff-872b-47f3-ae9a-72d2abe692b1,595,2026-02-26T14:20:25,您的购物车目前是空的。您可以直接说“软管2件加入购物车”。,
v20260226-r2-security,isolated,DQ095,配件商城与购物车,我想一键清空购物车，保留收藏。,ACCESSORIES_OR_CART,200,True,True,UNKNOWN,f7047739-471b-4a24-b822-0ea099bbb032,689,2026-02-26T14:20:26,"将清空当前购物车。

确认的话回复“确认”，不执行回复“取消”。",
v20260226-r2-security,isolated,DQ096,配件商城与购物车,底部那个购物车按钮点完应该进入哪一步？,ACCESSORIES_OR_CART,200,True,False,UNKNOWN,d6e98480-05a4-467a-ac3f-a0b66c734e98,692,2026-02-26T14:20:27,您的购物车目前是空的。您可以直接说“软管2件加入购物车”。,
v20260226-r2-security,isolated,DQ097,配件商城与购物车,软管2米来两条，再加一个减压阀。,ACCESSORIES_OR_CART,200,True,True,CREATE_ORDER,edd4c629-6303-4121-b998-2ce48b6f31b6,667,2026-02-26T14:20:27,"我先把订单信息整理好了，您确认一下：
1. 服务类型：配件
2. 服务项目：耐高温燃气软管（2m）×2、安全减压阀×2
3. 服务地址：默认地址
4. 联系方式：用李姐 13800138000
5. 预约时间：立即配送（系统自动分配）
6. 是否加急：是
7. 备注：无
温馨提示：如需补充备注，请尽量在预计开始前30分钟告诉我。

请确认上面的订单信息是否正确。回复“确认下单”我就为您提交；如需修改，直接告诉我要改哪一项。",
v20260226-r2-security,isolated,DQ098,配件商城与购物车,我只会说‘买点配件’，你来问我要买啥。,ACCESSORIES_OR_CART,200,True,False,UNKNOWN,4eb53b0d-a4f0-47f7-9c09-c373e29abec9,719,2026-02-26T14:20:28,您的购物车目前是空的。您可以直接说“软管2件加入购物车”。,
v20260226-r2-security,isolated,DQ099,配件商城与购物车,这个SKU我记不住，你按名称帮我下就行。,ACCESSORIES_OR_CART,200,True,False,UNKNOWN,79e177a4-74b7-469a-924a-7b522d166211,879,2026-02-26T14:20:29,我在，您直接告诉我现在要办哪件事就行，我会接着为您处理。,
v20260226-r2-security,isolated,DQ100,配件商城与购物车,配件下单也用默认地址和手机号。,ACCESSORIES_OR_CART,200,True,False,UNKNOWN,38744cd7-504d-4840-a850-1c49badc9c7c,764,2026-02-26T14:20:30,购物车还是空的，先告诉我要加哪些配件吧。,
v20260226-r2-security,isolated,DQ101,配件商城与购物车,我不要直购，就走购物车统一下单。,ACCESSORIES_OR_CART,200,True,False,UNKNOWN,fd618971-a770-4c17-a032-329bc8f5b56c,670,2026-02-26T14:20:31,购物车还是空的，先告诉我要加哪些配件吧。,
v20260226-r2-security,isolated,DQ102,配件商城与购物车,配件下单前也请给我一个确认小结。,ACCESSORIES_OR_CART,200,True,False,UNKNOWN,c0259e6f-37c2-42a8-bd74-2265cb20bed6,648,2026-02-26T14:20:32,购物车还是空的，先告诉我要加哪些配件吧。,
v20260226-r2-security,isolated,DQ103,订单查询,帮我看下最近一个月所有订单。,ORDER_QUERY,200,True,False,QUERY_ORDER,c22bf9a9-b357-4d3a-bacf-ca3129f24229,607,2026-02-26T14:20:33,"给您查到这些订单：
1. LPG202602250042331946 | 瓶装配送 | 已支付 | 预计 2026-02-26 08:30
2. LPG202602250042206857 | 瓶装配送 | 已过期 | 预计 2026-02-26 08:30
3. LPG202602191134369119 | 瓶装配送 | 已过期 | 预计 2026-02-19 12:34
4. LPG202602191121149000 | 瓶装配送 | 已过期 | 预计 2026-02-19 12:21
5. LPG202602190457274950 | 瓶装配送 | 已过期 | 预计 2026-02-20 09:00
要看某一单详情，直接把订单号发我。",
v20260226-r2-security,isolated,DQ104,订单查询,只看待付款的，别的先不看。,ORDER_QUERY,200,True,False,QUERY_ORDER,13a7c689-244d-489c-9de2-6f5f4230e7d7,625,2026-02-26T14:20:33,目前还没有查到订单记录。要不要我现在帮您下第一单？,
v20260226-r2-security,isolated,DQ105,订单查询,进行中的单子给我按最新排一下。,ORDER_QUERY,200,True,False,QUERY_ORDER,83a3dcc2-58c0-4f8b-b4ad-6984135a6745,13659,2026-02-26T14:20:47,抱歉，我这边暂时没有查到您的订单记录。需要我帮您现在下单吗？,
v20260226-r2-security,isolated,DQ106,订单查询,查一下LPG202602091135071866这单。,ORDER_QUERY,200,True,False,QUERY_ORDER,bbced1d8-b6f7-48af-9797-176fddd9f99e,20904,2026-02-26T14:21:08,"订单 LPG202602091135071866 当前状态：已支付。
预计服务时间：2026-02-09 12:35。
如需继续操作（支付/取消/改址），直接告诉我。",
v20260226-r2-security,isolated,DQ107,订单查询,我昨天那单现在到哪一步了？,ORDER_QUERY,200,True,False,QUERY_ORDER,191a6d40-27de-437c-90dc-3b8c6b7b6f6b,822,2026-02-26T14:21:09,"订单 LPG202602250042331946 当前状态：已支付。
预计服务时间：2026-02-26 08:30。
负责人员：王建国 13800001101。
如需继续操作（支付/取消/改址），直接告诉我。",
v20260226-r2-security,isolated,DQ108,订单查询,给我看下这单的地址快照和联系人快照。,ORDER_QUERY,200,True,False,QUERY_ORDER,e94b08b3-3e29-45b4-b647-4a0e4cbc728c,714,2026-02-26T14:21:10,"订单 LPG202602250042331946 当前为“已支付”。
服务时间：2026-02-26 08:30 - 2026-02-26 10:00
上门人员：王建国 13800001101
地址快照：广东省
联系人快照：用李姐 13800138000
如需改址或取消，我可以继续帮您处理。",
v20260226-r2-security,isolated,DQ109,订单查询,预计送达窗口是几点到几点？,ORDER_QUERY,200,True,False,QUERY_ORDER,f4d8cc25-4e6d-40ff-8019-a77abe2597b2,630,2026-02-26T14:21:11,"订单 LPG202602250042331946 当前为“已支付”。
服务时间：2026-02-26 08:30 - 2026-02-26 10:00
上门人员：王建国 13800001101
地址快照：广东省
联系人快照：用李姐 13800138000
如需改址或取消，我可以继续帮您处理。",
v20260226-r2-security,isolated,DQ110,订单查询,费用明细给我拆开看：小计、加急费、总价。,ORDER_QUERY,200,True,False,QUERY_ORDER,d6f3fda2-6d9e-4d1b-9678-98fa93f310ab,664,2026-02-26T14:21:12,"我先按您最近一笔订单给您拆分：
订单 LPG202602250042331946 费用明细：
1) 小计：¥120.00
2) 加急费：¥12.00
3) 总计：¥132.00
如果您想看其他订单，直接告诉我订单号即可。",
v20260226-r2-security,isolated,DQ111,订单查询,筛一下已完成的安装单。,ORDER_QUERY,200,True,False,QUERY_ORDER,cb53e6fe-5e79-450d-981e-52f590de7e20,638,2026-02-26T14:21:12,"给您查到这些订单：
1. LPG2024113016001103 | 安检 | 已完成 | 预计 2025-12-01 16:00
2. LPG2024101510301102 | 换瓶 | 已完成 | 预计 2025-10-17 14:00
3. LPG2024020109001101 | 瓶装配送 | 已完成 | 预计 2025-02-04 10:00
要看某一单详情，直接把订单号发我。",
v20260226-r2-security,isolated,DQ112,订单查询,订单多的话给我第2页。,ORDER_QUERY,200,True,False,QUERY_ORDER,0c9f324f-7a9e-4f2f-be41-b7f884d3f638,679,2026-02-26T14:21:13,"给您查到这些订单：
1. LPG2026021909451105 | 瓶装配送 | 已过期 | 预计 2026-02-19 15:00
2. LPG2026020111001104 | 瓶装配送 | 已预约 | 预计 2026-02-17 11:00
3. LPG202602130450082691 | 安装 | 已支付 | 预计 2026-02-14 09:00
4. LPG202602091518079603 | 瓶装配送 | 已过期 | 预计 2026-02-09 16:18
5. LPG202602091311254174 | 瓶装配送 | 已支付 | 预计 2026-02-09 14:11
要看某一单详情，直接把订单号发我。",
v20260226-r2-security,isolated,DQ113,订单查询,最近三笔配件单拉一下。,ORDER_QUERY,200,True,False,CREATE_ORDER,f4bb5569-ca35-433c-8a1b-8089206eaf25,848,2026-02-26T14:21:14,您要办理的是“配件”。好的，请告诉我配件和数量（例如：软管2件、减压阀1件）。,
v20260226-r2-security,isolated,DQ114,订单查询,帮我统计一下各状态有多少单。,ORDER_QUERY,200,True,False,QUERY_ORDER,21afbb3c-00ec-4686-ad21-23c59344fcb1,650,2026-02-26T14:21:15,"按状态统计如下：
- 待支付：0 单
- 已支付：5 单
- 已预约：1 单
- 服务中：0 单
- 已完成：3 单
- 已取消：0 单
- 已过期：6 单",
v20260226-r2-security,isolated,DQ115,订单查询,我记不住订单号，你按最近下单时间找。,ORDER_QUERY,200,True,False,UNKNOWN,6f87c12c-353a-47c4-b43e-ec8393691a72,1847,2026-02-26T14:21:17,没问题，我可以直接帮您下单。您先说服务类型或规格数量，我会一步步确认后再提交。,
v20260226-r2-security,isolated,DQ116,订单查询,查下‘今天创建但还没支付’的单子。,ORDER_QUERY,200,True,False,QUERY_ORDER,2f1dc3f6-0d18-4584-89f3-458a5bbf3d39,598,2026-02-26T14:21:18,请把要支付的订单号发我（例如：LPG2026020912345678），我马上处理。,
v20260226-r2-security,isolated,DQ117,订单查询,我想看这周所有报修单进度。,ORDER_QUERY,200,True,True,CREATE_ORDER,22d047b3-ad26-4a9a-abf2-640d3ac667ee,20547,2026-02-26T14:21:39,"我先把订单信息整理好了，您确认一下：
1. 服务类型：报修
2. 服务项目：我想看这周所有报修单进度。
3. 服务地址：默认地址
4. 联系方式：用李姐 13800138000
5. 预约时间：立即配送（系统自动分配）
6. 是否加急：是
7. 备注：无
温馨提示：如需补充备注，请尽量在预计开始前30分钟告诉我。

请确认上面的订单信息是否正确。回复“确认下单”我就为您提交；如需修改，直接告诉我要改哪一项。",
v20260226-r2-security,isolated,DQ118,订单查询,这单谁接的、什么时候开始服务？,ORDER_QUERY,200,True,False,QUERY_ORDER,7f2b4dce-9d06-4540-a038-376320b14612,977,2026-02-26T14:21:40,"订单 LPG202602250042331946 当前为“已支付”。
服务时间：2026-02-26 08:30 - 2026-02-26 10:00
上门人员：王建国 13800001101
地址快照：广东省
联系人快照：用李姐 13800138000
如需改址或取消，我可以继续帮您处理。",
v20260226-r2-security,isolated,DQ119,订单查询,只给我看我账号名下的，不要混别人的。,ORDER_QUERY,200,True,False,UNKNOWN,f667f779-281b-478e-a2c3-e240f8019512,1716,2026-02-26T14:21:42,我在，您直接告诉我现在要办哪件事就行，我会接着为您处理。,
v20260226-r2-security,isolated,DQ120,订单查询,我想按服务类型筛：只看安检。,ORDER_QUERY,200,True,True,CREATE_ORDER,cdfd52a7-0ed5-468e-8dfb-5b0ac1ff7a2d,585,2026-02-26T14:21:42,"我先把订单信息整理好了，您确认一下：
1. 服务类型：安检
2. 服务项目：我想按服务类型筛:只看安检。
3. 服务地址：默认地址
4. 联系方式：用李姐 13800138000
5. 预约时间：立即配送（系统自动分配）
6. 是否加急：是
7. 备注：无
温馨提示：如需补充备注，请尽量在预计开始前30分钟告诉我。

请确认上面的订单信息是否正确。回复“确认下单”我就为您提交；如需修改，直接告诉我要改哪一项。",
v20260226-r2-security,isolated,DQ121,订单查询,订单列表里那条‘进行中’，点进去前先口头说下进度。,ORDER_QUERY,200,True,False,QUERY_ORDER,d77857c1-3510-4478-a6d8-a1ea050974a1,694,2026-02-26T14:21:43,目前还没有查到订单记录。要不要我现在帮您下第一单？,
v20260226-r2-security,isolated,DQ122,订单查询,我就问一句：我还有没完成的单吗？,ORDER_QUERY,200,True,False,QUERY_ORDER,de870ab8-c1c8-465a-b21b-308b970279cd,9976,2026-02-26T14:21:53,您好呀，您这边还有 6 笔订单尚未完成呢，我们会尽快为您处理，请稍作等待。,
v20260226-r2-security,isolated,DQ123,取消改址支付,我想取消刚下的那笔订单。,ORDER_CHANGE,200,True,False,QUERY_ORDER,91b5c686-4e58-4cfd-a006-56bee1ff40a9,15114,2026-02-26T14:22:08,您好，根据我们的服务规定，服务开始前至少需要提前1小时才能取消订单哦。麻烦您把订单号发给我，我帮您核实一下具体情况，看能不能为您办理取消。,
v20260226-r2-security,isolated,DQ124,取消改址支付,这单还能取消吗？你先判断规则。,ORDER_CHANGE,200,True,True,QUERY_ORDER,0959e2ad-70ea-46ac-adea-b8eb2b43714e,20994,2026-02-26T14:22:30,"将取消订单 LPG202602250042331946。

确认的话回复“确认”，不执行回复“取消”。",
v20260226-r2-security,isolated,DQ125,取消改址支付,地址改成浦东新区XX路88号，能改就改。,ORDER_CHANGE,200,True,False,MODIFY_ORDER,feb8113d-8430-4ed5-8f2f-8845a3c10d08,730,2026-02-26T14:22:31,按规则，服务开始前至少 1 小时才能改址。把订单号发我，我先帮您判断是否可改。,
v20260226-r2-security,isolated,DQ126,取消改址支付,离服务不到1小时了，还能改址不？,ORDER_CHANGE,200,True,False,MODIFY_ORDER,27fca482-ef3b-46a0-abe6-655a00bbd959,631,2026-02-26T14:22:31,按规则，服务开始前至少 1 小时才能改址。把订单号发我，我先帮您判断是否可改。,
v20260226-r2-security,isolated,DQ127,取消改址支付,我超过30分钟没付款，这单是不是废了？,ORDER_CHANGE,200,True,False,QUERY_ORDER,40f7130a-7099-4461-a8b9-acf7e5ff8494,666,2026-02-26T14:22:32,"订单 LPG202602250042331946 当前状态：已支付。
预计服务时间：2026-02-26 08:30。
负责人员：王建国 13800001101。
如需继续操作（支付/取消/改址），直接告诉我。",
v20260226-r2-security,isolated,DQ128,取消改址支付,帮我把这笔待付款单直接支付掉（mock也行）。,ORDER_CHANGE,200,True,False,QUERY_ORDER,60b15572-6319-403e-a1f2-badd38d26638,657,2026-02-26T14:22:33,请把要支付的订单号发我（例如：LPG2026020912345678），我马上处理。,
v20260226-r2-security,isolated,DQ129,取消改址支付,支付后状态会怎么变，你说人话版就行。,ORDER_CHANGE,200,True,False,QUERY_ORDER,a4df08ea-2777-422f-9582-13291d1c9ffb,743,2026-02-26T14:22:34,请把要支付的订单号发我（例如：LPG2026020912345678），我马上处理。,
v20260226-r2-security,isolated,DQ130,取消改址支付,要是支付失败了，你会怎么提示我？,ORDER_CHANGE,200,True,False,QUERY_ORDER,994c5a29-5d62-433c-81d7-cc78585af06b,760,2026-02-26T14:22:35,请把要支付的订单号发我（例如：LPG2026020912345678），我马上处理。,
v20260226-r2-security,isolated,DQ131,取消改址支付,已经在服务中了，我还能取消吗？,ORDER_CHANGE,200,True,False,UNKNOWN,00205735-5810-4f65-b246-d325c6742e88,1743,2026-02-26T14:22:37,我在，您直接告诉我现在要办哪件事就行，我会接着为您处理。,
v20260226-r2-security,isolated,DQ132,取消改址支付,改址成功后，历史订单地址别被新地址覆盖。,ORDER_CHANGE,200,True,False,UNKNOWN,a4238272-4d4e-4b0b-baab-4de17ea35a11,654,2026-02-26T14:22:37,历史订单和支付记录不能删除或篡改。我可以继续帮您做合规操作，比如查订单、申请退款或提交投诉建议。,
v20260226-r2-security,isolated,DQ133,取消改址支付,我现在后悔了，想撤单，先告诉我能不能撤。,ORDER_CHANGE,200,True,False,QUERY_ORDER,3da12b4f-0bdb-4415-b21d-8029cd21d6de,696,2026-02-26T14:22:38,按规则，服务开始前至少 1 小时才能取消。把订单号发我，我马上帮您判断是否可取消。,
v20260226-r2-security,isolated,DQ134,取消改址支付,这单改地址不行的话，能不能新建一单替代？,ORDER_CHANGE,200,True,True,MODIFY_ORDER,61e81664-38ce-406f-985d-0651eae929a5,927,2026-02-26T14:22:39,"将订单 LPG202602250042331946 改址为：不行的话,能不能新建一单替代?。

确认的话回复“确认”，不执行回复“取消”。",
v20260226-r2-security,isolated,DQ135,取消改址支付,取消失败请把原因说清楚，别只给错误码。,ORDER_CHANGE,200,True,False,UNKNOWN,a630cbe7-f742-4296-b39d-922deff4fb69,1750,2026-02-26T14:22:41,我在，您直接告诉我现在要办哪件事就行，我会接着为您处理。,
v20260226-r2-security,isolated,DQ136,取消改址支付,这笔单我现在付，付完你再帮我查状态。,ORDER_CHANGE,200,True,True,QUERY_ORDER,94e1f135-6472-45ea-94de-379a64f3982e,649,2026-02-26T14:22:42,"将为订单 LPG202602250042331946 发起支付（mock）。

确认的话回复“确认”，不执行回复“取消”。",
v20260226-r2-security,isolated,DQ137,取消改址支付,我不确定单号，你按最近待付款那笔先试支付。,ORDER_CHANGE,200,True,False,QUERY_ORDER,bb85e272-ad64-4c25-844f-883b445c7e59,665,2026-02-26T14:22:43,请把要支付的订单号发我（例如：LPG2026020912345678），我马上处理。,
v20260226-r2-security,isolated,DQ138,取消改址支付,改址如果超时了，能不能转成投诉/工单处理？,ORDER_CHANGE,200,True,False,MODIFY_ORDER,87913116-5029-4f25-b3cf-98ad78413d8a,656,2026-02-26T14:22:44,按规则，服务开始前至少 1 小时才能改址。把订单号发我，我先帮您判断是否可改。,
v20260226-r2-security,isolated,DQ139,账户与地址,帮我看下我的个人资料现在是什么。,PROFILE_OR_ADDRESS,200,True,False,UNKNOWN,2ca3ad94-735e-4468-94d0-6b7342e3b869,773,2026-02-26T14:22:45,您当前资料：姓名/昵称“测试账号”，手机号 123。如需修改，直接告诉我要改成什么。,
v20260226-r2-security,isolated,DQ140,账户与地址,把我的显示名改成‘张建国（采购）’。,PROFILE_OR_ADDRESS,200,True,False,UNKNOWN,0b786510-8940-418d-b17e-294c7dc7dc9d,645,2026-02-26T14:22:45,可以的。请告诉我您要修改成的姓名或昵称（2-32个字符）。,
v20260226-r2-security,isolated,DQ141,账户与地址,我想改登录密码，流程怎么走？,PROFILE_OR_ADDRESS,200,True,False,UNKNOWN,717d4d3f-7c7c-4556-8ba7-afb0d3e3acda,636,2026-02-26T14:22:46,出于账号安全考虑，修改密码请在“个人中心-修改密码”中完成。我可以引导您现在跳转过去。,
v20260226-r2-security,isolated,DQ142,账户与地址,新增地址：李华 13900001111 徐汇区XX路100号 3栋502。,PROFILE_OR_ADDRESS,200,True,True,UNKNOWN,bfaf918b-73bc-4c92-ba11-74d59b7dcbd2,681,2026-02-26T14:22:47,"我整理好了新地址：联系人 李华，电话 13900001111，地址 徐汇区XX路100号 3栋502。
如果信息无误，回复“确认”我就马上创建。",
v20260226-r2-security,isolated,DQ143,账户与地址,刚加的地址设成默认地址。,PROFILE_OR_ADDRESS,200,True,True,UNKNOWN,87d17e7a-6952-4444-8491-caf89063bf61,616,2026-02-26T14:22:48,"将把地址ID 18 设为默认地址。

确认的话回复“确认”，不执行回复“取消”。",
v20260226-r2-security,isolated,DQ144,账户与地址,手机号我填了123这种，应该拦截吧？,PROFILE_OR_ADDRESS,200,True,False,UNKNOWN,b41b77bf-dca6-4bf0-97e5-6d30057d3b4d,653,2026-02-26T14:22:49,"会拦截的。手机号需要是中国大陆 11 位手机号（1开头），像“123”这种会被判定为无效。
如果是测试账号，只有登录手机号允许使用 123。",
v20260226-r2-security,isolated,DQ145,账户与地址,我有两个地址，帮我确认哪个是默认。,PROFILE_OR_ADDRESS,200,True,False,UNKNOWN,3612c4e5-18f5-4ab5-b4c8-67807a2618bc,698,2026-02-26T14:22:49,"您当前默认地址是：广东省（改成王姐 123）
共 5 个地址。
如需切换默认地址，告诉我“把地址ID 12 设为默认地址”即可。",
v20260226-r2-security,isolated,DQ146,账户与地址,把默认地址联系人改成王姐，电话别动。,PROFILE_OR_ADDRESS,200,True,True,UNKNOWN,1926351d-516e-4fc2-900a-ff4256778736,691,2026-02-26T14:22:50,"将修改默认地址（ID 5）的联系人信息。

确认的话回复“确认”，不执行回复“取消”。",
v20260226-r2-security,isolated,DQ147,账户与地址,地址备注加一句‘后门收货，白天有人’。,PROFILE_OR_ADDRESS,200,True,False,UNKNOWN,903d82b1-3f12-4484-8dcb-2e0ee07bafb6,1792,2026-02-26T14:22:52,我可以帮您处理账户和地址。您可以说“看我的资料”“新增地址”或“把地址ID 12 设为默认”。,
v20260226-r2-security,isolated,DQ148,账户与地址,我换手机号了，资料里也要同步改。,PROFILE_OR_ADDRESS,200,True,False,UNKNOWN,e2662303-8f32-41e1-a338-2f97ce887b87,2002,2026-02-26T14:22:54,我在，您直接告诉我现在要办哪件事就行，我会接着为您处理。,
v20260226-r2-security,isolated,DQ149,账户与地址,账号密码相关操作要不要二次确认？,PROFILE_OR_ADDRESS,200,True,False,UNKNOWN,c1263119-d0cb-471b-afc1-85d343c1502e,1745,2026-02-26T14:22:56,我在，您直接告诉我现在要办哪件事就行，我会接着为您处理。,
v20260226-r2-security,isolated,DQ150,账户与地址,个人中心里能不能直接跳最近订单列表？,PROFILE_OR_ADDRESS,200,True,False,QUERY_ORDER,da9fddec-dcd0-4a8f-9230-0827e3619dee,581,2026-02-26T14:22:57,"给您查到这些订单：
1. LPG202602250042331946 | 瓶装配送 | 已支付 | 预计 2026-02-26 08:30
2. LPG202602250042206857 | 瓶装配送 | 已过期 | 预计 2026-02-26 08:30
3. LPG202602191134369119 | 瓶装配送 | 已过期 | 预计 2026-02-19 12:34
4. LPG202602191121149000 | 瓶装配送 | 已过期 | 预计 2026-02-19 12:21
5. LPG202602190457274950 | 瓶装配送 | 已过期 | 预计 2026-02-20 09:00
要看某一单详情，直接把订单号发我。",
v20260226-r2-security,isolated,DQ151,投诉与安全知识,我要投诉昨天配送员态度不好，关联最近那单。,COMPLAINT_OR_SAFETY,200,True,False,CREATE_TICKET,40b775f2-72b6-4c4e-9923-3208cd85dd94,671,2026-02-26T14:22:58,"为了准确处理投诉，请先选择要投诉的订单：
1. LPG202602250042331946 | 瓶装配送 | 已支付
2. LPG202602250042206857 | 瓶装配送 | 已过期
3. LPG202602191134369119 | 瓶装配送 | 已过期
4. LPG202602191121149000 | 瓶装配送 | 已过期
5. LPG202602190457274950 | 瓶装配送 | 已过期
请回复“第1个”或直接发订单号。",
v20260226-r2-security,isolated,DQ152,投诉与安全知识,我要提个建议：页面按钮太多，能不能简化。,COMPLAINT_OR_SAFETY,200,True,True,CREATE_TICKET,0d91cc7a-9189-42ed-9684-ecd2c0638592,752,2026-02-26T14:22:59,"将提交一条建议反馈（线上服务）。

确认的话回复“确认”，不执行回复“取消”。",
v20260226-r2-security,isolated,DQ153,投诉与安全知识,燃气泄漏了先做什么？给我短句步骤，马上能照做。,COMPLAINT_OR_SAFETY,200,True,False,SAFETY_GUIDE,074002b9-c695-420a-a281-507ab7215b2a,714,2026-02-26T14:23:00,"先按这个顺序处理：
1) 立即关闭燃气阀门。
2) 打开门窗通风，不要开关任何电器。
3) 人员先撤到安全区域。
4) 联系应急热线 400-888-0000。
处理完应急后，您回复我“继续”，我再帮您安排后续处理。",
v20260226-r2-security,isolated,DQ154,投诉与安全知识,闻到煤气味但不确定，先别吓我，按轻重缓急说。,COMPLAINT_OR_SAFETY,200,True,False,UNKNOWN,fb38fd07-02b8-4f6c-9d57-e7105c52da65,1772,2026-02-26T14:23:02,我在，您直接告诉我现在要办哪件事就行，我会接着为您处理。,
v20260226-r2-security,isolated,DQ155,投诉与安全知识,我想投诉线上客服回复太慢，怎么提交？,COMPLAINT_OR_SAFETY,200,True,True,CREATE_TICKET,7760df49-1de7-4417-a57a-2ffa465f1b59,632,2026-02-26T14:23:02,"将提交一条投诉反馈（线上服务）。

确认的话回复“确认”，不执行回复“取消”。",
v20260226-r2-security,isolated,DQ156,投诉与安全知识,这次服务我不满意，能帮我建个工单跟进吗？,COMPLAINT_OR_SAFETY,200,True,False,UNKNOWN,d62766b6-46d9-4280-9b23-529a9063b921,1975,2026-02-26T14:23:04,我在，您直接告诉我现在要办哪件事就行，我会接着为您处理。,
v20260226-r2-security,isolated,DQ157,投诉与安全知识,紧急情况要不要先打电话？电话多少？,COMPLAINT_OR_SAFETY,200,True,False,UNKNOWN,2ea97bc5-409c-479d-9731-b8708227e5c1,1853,2026-02-26T14:23:06,我在，您直接告诉我现在要办哪件事就行，我会接着为您处理。,
v20260226-r2-security,isolated,DQ158,投诉与安全知识,给我一版‘给员工看的’燃气应急提示，越短越好。,COMPLAINT_OR_SAFETY,200,True,False,UNKNOWN,07f84cb2-1abe-48f2-94c0-bdfefa8369dc,2010,2026-02-26T14:23:09,我在，您直接告诉我现在要办哪件事就行，我会接着为您处理。,
v20260226-r2-security,isolated,DQ159,投诉与安全知识,我想表扬今天师傅服务好，也能提交吗？,COMPLAINT_OR_SAFETY,200,True,False,CREATE_TICKET,6c436a90-d788-410e-a5b3-123d80b21467,697,2026-02-26T14:23:09,"为了准确处理投诉，请先选择要投诉的订单：
1. LPG202602250042331946 | 瓶装配送 | 已支付
2. LPG202602250042206857 | 瓶装配送 | 已过期
3. LPG202602191134369119 | 瓶装配送 | 已过期
4. LPG202602191121149000 | 瓶装配送 | 已过期
5. LPG202602190457274950 | 瓶装配送 | 已过期
请回复“第1个”或直接发订单号。",
v20260226-r2-security,isolated,DQ160,投诉与安全知识,投诉提交后我怎么查处理进度？,COMPLAINT_OR_SAFETY,200,True,False,CREATE_TICKET,7d821bd1-d4e3-44e1-9940-9a0d28641ed9,685,2026-02-26T14:23:10,我这边暂时还没有查到您的反馈记录。您需要的话，我可以现在帮您提交一条建议或投诉。,
v20260226-r2-security,isolated,DQ161,能力与流程,emmm 在吗？我第一次用这个系统，你大概能帮我干啥？,CLARIFY_OR_POLICY,200,True,False,UNKNOWN,0f884d58-6612-4063-80b6-3012159b57e8,671,2026-02-26T14:23:11,您好，我在。您可以直接告诉我需求，比如下单、查订单、取消订单、改地址、投诉建议。,
v20260226-r2-security,isolated,DQ162,能力与流程,"uh 我是门店店长，平时最常用哪些功能你先给我讲讲。, thanks",CLARIFY_OR_POLICY,200,True,False,UNKNOWN,334c9f12-d7f7-4f54-b58e-8c574e4b092f,1702,2026-02-26T14:23:13,我在，您直接告诉我现在要办哪件事就行，我会接着为您处理。,
v20260226-r2-security,isolated,DQ163,能力与流程,"ok so 先别下单，我想知道取消规则和改址规则，简单说重点。, short pls",CLARIFY_OR_POLICY,200,True,False,MODIFY_ORDER,f02acce6-beee-4874-a278-3f50bb3f2ddc,626,2026-02-26T14:23:14,按规则，服务开始前至少 1 小时才能改址。把订单号发我，我先帮您判断是否可改。,
v20260226-r2-security,isolated,DQ164,能力与流程,"quick ask: 我不想每次都重复地址电话，你能默认带出来吗？, step by step",CLARIFY_OR_POLICY,200,True,False,UNKNOWN,de5c595c-68f3-422f-8986-12a9aa39a8b6,618,2026-02-26T14:23:14,"可以的，我会按最少必要信息一步步问您，不会让您一次填很多项。
我现在能直接处理：下单、查订单、支付、取消、改址、投诉建议、修改昵称、购物车加减与结算。
下单时我会默认带出您的常用联系人和默认地址，您只要说需要改哪一项就行。",
v20260226-r2-security,isolated,DQ165,能力与流程,"pls help: 如果我说错了服务类型，你会提醒我改吗？, dont execute yet",CLARIFY_OR_POLICY,200,True,False,UNKNOWN,25259617-7556-4a35-a1d9-65950b074fb9,1809,2026-02-26T14:23:16,我在，您直接告诉我现在要办哪件事就行，我会接着为您处理。,
v20260226-r2-security,isolated,DQ166,能力与流程,"one-line req: 先告诉我：你现在能做、不能做的各三条就行。, confirm first",CLARIFY_OR_POLICY,200,True,False,UNKNOWN,daf909d0-a2d1-4fd1-ad21-9511ffc83d08,625,2026-02-26T14:23:17,"可以的，我会按最少必要信息一步步问您，不会让您一次填很多项。
我现在能直接处理：下单、查订单、支付、取消、改址、投诉建议、修改昵称、购物车加减与结算。
下单时我会默认带出您的常用联系人和默认地址，您只要说需要改哪一项就行。",
v20260226-r2-security,isolated,DQ167,下单-瓶装配送,"typing messy -> 我这边后厨快没气了，先来一瓶45kg顶着用。, im in a hurry",ORDER_CREATE,200,True,False,CREATE_ORDER,d926dcfe-510d-4f6c-a107-6613a242f536,587,2026-02-26T14:23:18,没问题，我来一步步帮您下单。先确认服务类型：瓶装配送、换瓶、安装、安检、报修或配件。,
v20260226-r2-security,isolated,DQ168,下单-瓶装配送,voice2text: 晚上十点还能送不？我要两瓶15kg。,ORDER_CREATE,200,True,False,CREATE_ORDER,f4775846-3843-4d05-b9f3-4eff7ea4c1bb,637,2026-02-26T14:23:19,没问题，我来一步步帮您下单。先确认服务类型：瓶装配送、换瓶、安装、安检、报修或配件。,
v20260226-r2-security,isolated,DQ169,下单-瓶装配送,"emmm 我赶时间，能走加急就走加急。, thanks",ORDER_CREATE,200,True,False,UNKNOWN,5288f96c-b43f-4379-b212-80f59f7e466b,1844,2026-02-26T14:23:21,我在，您直接告诉我现在要办哪件事就行，我会接着为您处理。,
v20260226-r2-security,isolated,DQ170,下单-瓶装配送,"uh 我手机快没电了，你先把需要我确认的都一次性说完。, short pls",ORDER_CREATE,200,True,False,UNKNOWN,e4559fdc-921d-4a0b-b174-5851d53edc57,1779,2026-02-26T14:23:23,我在，您直接告诉我现在要办哪件事就行，我会接着为您处理。,
v20260226-r2-security,isolated,DQ171,下单-瓶装配送,"ok so ASAP下单，地址不变，电话不变，直接帮我补完流程。, step by step",ORDER_CREATE,200,True,False,CREATE_ORDER,59ca627c-380d-4eb9-a614-1a9e61577a1a,623,2026-02-26T14:23:23,没问题，我来一步步帮您下单。先确认服务类型：瓶装配送、换瓶、安装、安检、报修或配件。,
v20260226-r2-security,isolated,DQ172,下单-瓶装配送,"quick ask: 开票税号我等会发，你先把其他信息问完。, dont execute yet",ORDER_CREATE,200,True,False,UNKNOWN,b4c60481-8c38-45d5-9ff6-768841422cec,701,2026-02-26T14:23:24,可以开票。我先记下您的开票要求；如果您是新下单，我会把发票信息一并写进备注里，后续只需要继续补齐下单信息即可。,
v20260226-r2-security,isolated,DQ173,下单-瓶装配送,"pls help: 先帮我算个总价，我确认后你再下。, confirm first",ORDER_CREATE,200,True,False,QUERY_ORDER,b12f7a81-3cf5-42e4-969d-17a74f9b3bc2,674,2026-02-26T14:23:25,"我先按您最近一笔订单给您拆分：
订单 LPG202602250042331946 费用明细：
1) 小计：¥120.00
2) 加急费：¥12.00
3) 总计：¥132.00
如果您想看其他订单，直接告诉我订单号即可。",
v20260226-r2-security,isolated,DQ174,下单-瓶装配送,"one-line req: 你先问我缺什么，不要一上来给我长表格。, im in a hurry",ORDER_CREATE,200,True,False,UNKNOWN,096eced8-f598-48b6-890e-c937b06b0793,1875,2026-02-26T14:23:27,我在，您直接告诉我现在要办哪件事就行，我会接着为您处理。,
v20260226-r2-security,isolated,DQ175,下单-瓶装配送,typing messy -> 送气+开票一起办，别让我分两次说。,ORDER_CREATE,200,True,False,UNKNOWN,9bdf1491-9e0a-416b-be3e-29b04c4653ff,628,2026-02-26T14:23:28,可以开票。我先记下您的开票要求；如果您是新下单，我会把发票信息一并写进备注里，后续只需要继续补齐下单信息即可。,
v20260226-r2-security,isolated,DQ176,下单-瓶装配送,"voice2text: 我就一句：给我来气。你来主导提问。, thanks",ORDER_CREATE,200,True,False,CREATE_ORDER,3aa386e0-3460-4bba-8ad5-17ec293242ef,591,2026-02-26T14:23:29,好的，您要办理的是“瓶装配送”。15kg 已记下，请问需要几瓶？,
v20260226-r2-security,isolated,DQ177,下单-瓶装配送,"emmm 给我下单，联系人用李姐，别用账号默认名字。, short pls",ORDER_CREATE,200,True,False,CREATE_ORDER,766eb84d-cbd1-4b04-b8b7-b19190e6e76f,619,2026-02-26T14:23:29,没问题，我来一步步帮您下单。先确认服务类型：瓶装配送、换瓶、安装、安检、报修或配件。,
v20260226-r2-security,isolated,DQ178,下单-瓶装配送,"uh 15公斤两瓶，别加急，明天下午。, step by step",ORDER_CREATE,200,True,False,CREATE_ORDER,5ca86a60-0602-48be-9845-7af9931721be,684,2026-02-26T14:23:30,没问题，我来一步步帮您下单。先确认服务类型：瓶装配送、换瓶、安装、安检、报修或配件。,
v20260226-r2-security,isolated,DQ179,下单-安装安检报修换瓶,"ok so 我要预约安装，明天下午有空档吗？, dont execute yet",ORDER_CREATE,200,True,True,CREATE_ORDER,40ef3d11-aea4-45a2-bf42-d5e9b22d038c,649,2026-02-26T14:23:31,"我先把订单信息整理好了，您确认一下：
1. 服务类型：安装
2. 服务项目：ok so 我要预约安装,明天下午有空档吗?, dont execute yet
3. 服务地址：默认地址
4. 联系方式：用李姐 13800138000
5. 预约时间：2026-02-27 13:00-15:00
6. 是否加急：是
7. 备注：无
温馨提示：如需补充备注，请尽量在预计开始前30分钟告诉我。

请确认上面的订单信息是否正确。回复“确认下单”我就为您提交；如需修改，直接告诉我要改哪一项。",
v20260226-r2-security,isolated,DQ180,下单-安装安检报修换瓶,"quick ask: 我要换瓶，15kg一瓶，旧瓶要回收。, confirm first",ORDER_CREATE,200,True,False,CREATE_ORDER,b6673893-5642-4aac-9b16-a44630c5edd0,671,2026-02-26T14:23:32,好的，您要办理的是“换瓶”。换瓶服务再确认一下：是否回收空瓶？回复“是”或“否”即可。,
v20260226-r2-security,isolated,DQ181,下单-安装安检报修换瓶,"pls help: 报修先上门看，费用大概从多少起？, im in a hurry",ORDER_CREATE,200,True,False,UNKNOWN,06417e46-1354-4bea-9a08-113706bafd1b,2373,2026-02-26T14:23:34,"我查到以下信息供您参考：
1. 投诉受理需先致歉并确认问题类型与影响范围。
2. 需收集信息：订单号、发生时间、问题简述、是否需要回访。
3. Flag repeated orders within short intervals.
如果您愿意，我可以继续直接帮您办理相关业务。",
v20260226-r2-security,isolated,DQ182,下单-安装安检报修换瓶,one-line req: 我想换瓶顺带做一次安检，能一起下吗？,ORDER_CREATE,200,True,False,CREATE_ORDER,c1147f44-0b6c-487e-bfd4-2a1c05700d83,598,2026-02-26T14:23:35,好的，您要办理的是“换瓶”。15kg 已记下，请问需要几瓶？,
v20260226-r2-security,isolated,DQ183,下单-安装安检报修换瓶,"typing messy -> 我要INSTALLATION，你直接按中文问我就好。, thanks",ORDER_CREATE,200,True,False,CREATE_ORDER,fcede150-3022-4314-bbed-3bd6d3d92ae4,671,2026-02-26T14:23:36,好的，您要办理的是“安装”。明白。请告诉我具体安装项目（例如：灶具安装、减压阀安装）。,
v20260226-r2-security,isolated,DQ184,下单-安装安检报修换瓶,"voice2text: 服务类型我说错了，改成换瓶，不是配送。, short pls",ORDER_CREATE,200,True,False,CREATE_ORDER,ef42921d-97dc-49e2-98a1-88d47776f737,681,2026-02-26T14:23:37,好的，您要办理的是“换瓶”。15kg 已记下，请问需要几瓶？,
v20260226-r2-security,isolated,DQ185,下单-安装安检报修换瓶,"emmm 报修备注：设备品牌是XX，型号我一会补。, step by step",ORDER_CREATE,200,True,True,CREATE_ORDER,06e541f3-08f6-459d-b4f2-bf1a0d03d3cd,699,2026-02-26T14:23:38,"我先把订单信息整理好了，您确认一下：
1. 服务类型：报修
2. 服务项目：emmm 报修备注:设备品牌是XX,型号我一会补。, step by step
3. 服务地址：默认地址
4. 联系方式：用李姐 13800138000
5. 预约时间：立即配送（系统自动分配）
6. 是否加急：是
7. 备注：设备品牌是XX,型号我一会补。, step by step
温馨提示：如需补充备注，请尽量在预计开始前30分钟告诉我。

请确认上面的订单信息是否正确。回复“确认下单”我就为您提交；如需修改，直接告诉我要改哪一项。",
v20260226-r2-security,isolated,DQ186,下单-安装安检报修换瓶,"uh 换瓶数量先1，等会我可能改2。, dont execute yet",ORDER_CREATE,200,True,False,CREATE_ORDER,86750fee-c399-4d67-a148-4c07a59c6199,614,2026-02-26T14:23:38,好的，您要办理的是“换瓶”。15kg 已记下，请问需要几瓶？,
v20260226-r2-security,isolated,DQ187,下单-安装安检报修换瓶,"ok so 能不能别让我选太多项，你按必要项提问就行。, confirm first",ORDER_CREATE,200,True,False,UNKNOWN,b3ba7db2-eaef-42d6-b295-ecedb5f59944,1815,2026-02-26T14:23:40,我在，您直接告诉我现在要办哪件事就行，我会接着为您处理。,
v20260226-r2-security,isolated,DQ188,下单-安装安检报修换瓶,"quick ask: 把‘安装+安检’拆成哪种更合理，你建议一下。, im in a hurry",ORDER_CREATE,200,True,True,CREATE_TICKET,acf231c8-1846-483c-8c70-4fa1a572202c,663,2026-02-26T14:23:41,"将提交一条建议反馈（线上服务）。

确认的话回复“确认”，不执行回复“取消”。",
v20260226-r2-security,isolated,DQ189,配件商城与购物车,pls help: 购物车现在几件了？总价给我看下。,ACCESSORIES_OR_CART,200,True,False,UNKNOWN,4676da0a-7b5c-4796-8551-d122852dc828,598,2026-02-26T14:23:42,您的购物车目前是空的。您可以直接说“软管2件加入购物车”。,
v20260226-r2-security,isolated,DQ190,配件商城与购物车,"one-line req: 配件也能选配送时间吧？我要明天下午。, thanks",ACCESSORIES_OR_CART,200,True,False,UNKNOWN,c7cc4130-721e-4057-bd45-56f52a6875ba,619,2026-02-26T14:23:43,您的购物车目前是空的。您可以直接说“软管2件加入购物车”。,
v20260226-r2-security,isolated,DQ191,配件商城与购物车,"typing messy -> 我先不支付，先生成订单看看。, short pls",ACCESSORIES_OR_CART,200,True,False,QUERY_ORDER,f3b6efe7-bbef-4b93-b11f-6e1b478f5b59,855,2026-02-26T14:23:44,请把要支付的订单号发我（例如：LPG2026020912345678），我马上处理。,
v20260226-r2-security,isolated,DQ192,配件商城与购物车,"voice2text: 买错了配件怎么取消，规则你说清楚。, step by step",ACCESSORIES_OR_CART,200,True,False,UNKNOWN,045dffb9-2187-43a7-a073-8bf23a2d60e9,670,2026-02-26T14:23:45,您的购物车目前是空的。您可以直接说“软管2件加入购物车”。,
v20260226-r2-security,isolated,DQ193,配件商城与购物车,"emmm 软管2米来两条，再加一个减压阀。, dont execute yet",ACCESSORIES_OR_CART,200,True,True,CREATE_ORDER,0e3d14d4-9ed8-4ae2-abe8-c611b79342ee,601,2026-02-26T14:23:45,"我先把订单信息整理好了，您确认一下：
1. 服务类型：配件
2. 服务项目：耐高温燃气软管（2m）×2、安全减压阀×2
3. 服务地址：默认地址
4. 联系方式：用李姐 13800138000
5. 预约时间：立即配送（系统自动分配）
6. 是否加急：是
7. 备注：无
温馨提示：如需补充备注，请尽量在预计开始前30分钟告诉我。

请确认上面的订单信息是否正确。回复“确认下单”我就为您提交；如需修改，直接告诉我要改哪一项。",
v20260226-r2-security,isolated,DQ194,配件商城与购物车,"uh 配件下单也用默认地址和手机号。, confirm first",ACCESSORIES_OR_CART,200,True,False,UNKNOWN,372c7124-4264-4a08-a1fe-925fa22a31ef,640,2026-02-26T14:23:46,购物车还是空的，先告诉我要加哪些配件吧。,
v20260226-r2-security,isolated,DQ195,订单查询,"ok so 帮我看下最近一个月所有订单。, im in a hurry",ORDER_QUERY,200,True,False,QUERY_ORDER,d95fdc83-7cf7-444d-a6ad-aee9c24b7fde,709,2026-02-26T14:23:47,"给您查到这些订单：
1. LPG202602250042331946 | 瓶装配送 | 已支付 | 预计 2026-02-26 08:30
2. LPG202602250042206857 | 瓶装配送 | 已过期 | 预计 2026-02-26 08:30
3. LPG202602191134369119 | 瓶装配送 | 已过期 | 预计 2026-02-19 12:34
4. LPG202602191121149000 | 瓶装配送 | 已过期 | 预计 2026-02-19 12:21
5. LPG202602190457274950 | 瓶装配送 | 已过期 | 预计 2026-02-20 09:00
要看某一单详情，直接把订单号发我。",
v20260226-r2-security,isolated,DQ196,订单查询,quick ask: 查一下LPG202602091135071866这单。,ORDER_QUERY,200,True,False,QUERY_ORDER,975d94b4-2047-49dc-b85f-4add49384bfc,643,2026-02-26T14:23:48,"订单 LPG202602091135071866 当前状态：已支付。
预计服务时间：2026-02-09 12:35。
如需继续操作（支付/取消/改址），直接告诉我。",
v20260226-r2-security,isolated,DQ197,订单查询,"pls help: 预计送达窗口是几点到几点？, thanks",ORDER_QUERY,200,True,False,QUERY_ORDER,5ca7ea8c-102e-4f3d-affb-b93cbb58dd4f,702,2026-02-26T14:23:49,"订单 LPG202602250042331946 当前为“已支付”。
服务时间：2026-02-26 08:30 - 2026-02-26 10:00
上门人员：王建国 13800001101
地址快照：广东省
联系人快照：用李姐 13800138000
如需改址或取消，我可以继续帮您处理。",
v20260226-r2-security,isolated,DQ198,订单查询,"one-line req: 订单多的话给我第2页。, short pls",ORDER_QUERY,200,True,False,QUERY_ORDER,8e1a26b4-ce66-4622-98a1-c40e99bb7e4e,635,2026-02-26T14:23:49,"给您查到这些订单：
1. LPG2026021909451105 | 瓶装配送 | 已过期 | 预计 2026-02-19 15:00
2. LPG2026020111001104 | 瓶装配送 | 已预约 | 预计 2026-02-17 11:00
3. LPG202602130450082691 | 安装 | 已支付 | 预计 2026-02-14 09:00
4. LPG202602091518079603 | 瓶装配送 | 已过期 | 预计 2026-02-09 16:18
5. LPG202602091311254174 | 瓶装配送 | 已支付 | 预计 2026-02-09 14:11
要看某一单详情，直接把订单号发我。",
v20260226-r2-security,isolated,DQ199,订单查询,"typing messy -> 我记不住订单号，你按最近下单时间找。, step by step",ORDER_QUERY,200,True,False,UNKNOWN,86caed75-d4d6-4662-b932-4b200c758aca,1794,2026-02-26T14:23:51,没问题，我可以直接帮您下单。您先说服务类型或规格数量，我会一步步确认后再提交。,
v20260226-r2-security,isolated,DQ200,订单查询,"voice2text: 这单谁接的、什么时候开始服务？, dont execute yet",ORDER_QUERY,200,True,False,QUERY_ORDER,dc845ab1-76f6-436b-8510-4b9e117d088d,678,2026-02-26T14:23:52,"订单 LPG202602250042331946 当前为“已支付”。
服务时间：2026-02-26 08:30 - 2026-02-26 10:00
上门人员：王建国 13800001101
地址快照：广东省
联系人快照：用李姐 13800138000
如需改址或取消，我可以继续帮您处理。",
v20260226-r2-security,isolated,DQ201,下单-瓶装配送,uh 15kg来2瓶，地址先用我默认的。,ORDER_CREATE,200,True,False,UNKNOWN,b8dfb456-b2b0-4b06-9ee7-081f287ecdd8,643,2026-02-26T14:23:53,"您当前默认地址是：广东省（改成王姐 123）
共 5 个地址。
如需切换默认地址，告诉我“把地址ID 12 设为默认地址”即可。",
v20260226-r2-security,isolated,DQ202,下单-瓶装配送,"给我送个小瓶，5kg那种，一瓶就行。, thanks",ORDER_CREATE,200,True,False,CREATE_ORDER,ac61d505-c093-43ac-b69e-e96d0227786d,577,2026-02-26T14:23:54,没问题，我来一步步帮您下单。先确认服务类型：瓶装配送、换瓶、安装、安检、报修或配件。,
v20260226-r2-security,isolated,DQ203,下单-瓶装配送,ok so 晚上十点还能送不？我要两瓶15kg。,ORDER_CREATE,200,True,False,CREATE_ORDER,1b3b6791-b295-4696-8c9b-84807d189b48,610,2026-02-26T14:23:54,没问题，我来一步步帮您下单。先确认服务类型：瓶装配送、换瓶、安装、安检、报修或配件。,
v20260226-r2-security,isolated,DQ204,下单-瓶装配送,"明早能送吗？大概9点到11点那段。, short pls",ORDER_CREATE,200,True,False,UNKNOWN,3393cfba-09b7-47b4-a7d1-398201863d4b,1840,2026-02-26T14:23:56,我在，您直接告诉我现在要办哪件事就行，我会接着为您处理。,
v20260226-r2-security,isolated,DQ205,下单-瓶装配送,quick ask: 我就一句话：送煤气来。你继续问我吧。,ORDER_CREATE,200,True,False,CREATE_ORDER,f97caa9c-95dd-41e7-a572-01f56dc02709,659,2026-02-26T14:23:57,好的，您要办理的是“瓶装配送”。15kg 已记下，请问需要几瓶？,
v20260226-r2-security,isolated,DQ206,下单-瓶装配送,"我赶时间，能走加急就走加急。, step by step",ORDER_CREATE,200,True,False,UNKNOWN,716123b8-7fcc-4ed9-925f-fa28468cf3d5,1779,2026-02-26T14:23:59,我在，您直接告诉我现在要办哪件事就行，我会接着为您处理。,
v20260226-r2-security,isolated,DQ207,下单-瓶装配送,pls help: 你先问我缺什么，不要一上来给我长表格。,ORDER_CREATE,200,True,False,UNKNOWN,22e74af7-6ad3-4554-a62d-0145aab5be9f,1820,2026-02-26T14:24:01,我在，您直接告诉我现在要办哪件事就行，我会接着为您处理。,
v20260226-r2-security,isolated,DQ208,下单-瓶装配送,"下单信息你帮我复述一下，我怕说漏了。, dont execute yet",ORDER_CREATE,200,True,False,CREATE_ORDER,9fd21333-c217-4ea3-b3b2-56bdc6de16fd,674,2026-02-26T14:24:02,没问题，我来一步步帮您下单。先确认服务类型：瓶装配送、换瓶、安装、安检、报修或配件。,
v20260226-r2-security,isolated,DQ209,下单-安装安检报修换瓶,one-line req: 安检可以做后厨全套检查吗，我们是餐饮店。,ORDER_CREATE,200,True,True,CREATE_ORDER,ba2eb38d-d9e9-400c-af85-35be3ae0b200,698,2026-02-26T14:24:03,"我先把订单信息整理好了，您确认一下：
1. 服务类型：安检
2. 服务项目：one-line req: 安检可以做后厨全套检查吗,我们是餐饮店。
3. 服务地址：默认地址
4. 联系方式：用李姐 13800138000
5. 预约时间：立即配送（系统自动分配）
6. 是否加急：是
7. 备注：无
温馨提示：如需补充备注，请尽量在预计开始前30分钟告诉我。

请确认上面的订单信息是否正确。回复“确认下单”我就为您提交；如需修改，直接告诉我要改哪一项。",
v20260226-r2-security,isolated,DQ210,下单-安装安检报修换瓶,"报修先上门看，费用大概从多少起？, confirm first",ORDER_CREATE,200,True,False,UNKNOWN,a62a9233-88e1-4446-9c86-87cc10abea65,2561,2026-02-26T14:24:06,"我查到以下信息供您参考：
1. Refund requests must be submitted within 7 days.
2. Delivery failure refunds process within 3 days.
3. Standard delivery window is 2 to 4 hours.
如果您愿意，我可以继续直接帮您办理相关业务。",
v20260226-r2-security,isolated,DQ211,下单-安装安检报修换瓶,typing messy -> 我希望你像真人客服那样追问，不要机器话术。,ORDER_CREATE,200,True,False,UNKNOWN,c11232f1-6a04-4803-8835-75fb7a0bc3d0,1727,2026-02-26T14:24:07,我在，您直接告诉我现在要办哪件事就行，我会接着为您处理。,
v20260226-r2-security,isolated,DQ212,下单-安装安检报修换瓶,"我有点急，先帮我判断该走报修还是安检。, im in a hurry",ORDER_CREATE,200,True,True,CREATE_ORDER,4259731b-3a65-4e21-9f5a-e48abc7a4ae0,692,2026-02-26T14:24:08,"我先把订单信息整理好了，您确认一下：
1. 服务类型：安检
2. 服务项目：我有点急,先帮我判断该走报修还是安检。, im in a hurry
3. 服务地址：默认地址
4. 联系方式：用李姐 13800138000
5. 预约时间：立即配送（系统自动分配）
6. 是否加急：是
7. 备注：无
温馨提示：如需补充备注，请尽量在预计开始前30分钟告诉我。

请确认上面的订单信息是否正确。回复“确认下单”我就为您提交；如需修改，直接告诉我要改哪一项。",
v20260226-r2-security,isolated,DQ213,配件商城与购物车,voice2text: 配件下单也用默认地址和手机号。,ACCESSORIES_OR_CART,200,True,False,UNKNOWN,4397082e-e858-4e2a-934a-b920054551b4,629,2026-02-26T14:24:09,购物车还是空的，先告诉我要加哪些配件吧。,
v20260226-r2-security,isolated,DQ214,配件商城与购物车,我不要直购，就走购物车统一下单。,ACCESSORIES_OR_CART,200,True,False,UNKNOWN,f69c3ac8-7057-4605-85ef-88bd822ef882,713,2026-02-26T14:24:10,购物车还是空的，先告诉我要加哪些配件吧。,
v20260226-r2-security,isolated,DQ215,订单查询,emmm 我想按服务类型筛：只看安检。,ORDER_QUERY,200,True,True,CREATE_ORDER,ca486ed1-954a-477b-a235-189467a84618,619,2026-02-26T14:24:11,"我先把订单信息整理好了，您确认一下：
1. 服务类型：安检
2. 服务项目：emmm 我想按服务类型筛:只看安检。
3. 服务地址：默认地址
4. 联系方式：用李姐 13800138000
5. 预约时间：立即配送（系统自动分配）
6. 是否加急：是
7. 备注：无
温馨提示：如需补充备注，请尽量在预计开始前30分钟告诉我。

请确认上面的订单信息是否正确。回复“确认下单”我就为您提交；如需修改，直接告诉我要改哪一项。",
v20260226-r2-security,isolated,DQ216,订单查询,"订单列表里那条‘进行中’，点进去前先口头说下进度。, thanks",ORDER_QUERY,200,True,False,QUERY_ORDER,739a9c70-25fb-4987-8936-8082b29f7feb,657,2026-02-26T14:24:11,目前还没有查到订单记录。要不要我现在帮您下第一单？,
v20260226-r2-security,isolated,DQ217,账户与地址,uh 把我的显示名改成‘张建国（采购）’。,PROFILE_OR_ADDRESS,200,True,False,UNKNOWN,762901b1-1a2b-44d3-8dbb-d375dde38526,686,2026-02-26T14:24:12,可以的。请告诉我您要修改成的姓名或昵称（2-32个字符）。,
v20260226-r2-security,isolated,DQ218,账户与地址,"我想改登录密码，流程怎么走？, short pls",PROFILE_OR_ADDRESS,200,True,False,UNKNOWN,21da7f4e-c5ce-4b7f-ba03-355e2801d510,695,2026-02-26T14:24:13,出于账号安全考虑，修改密码请在“个人中心-修改密码”中完成。我可以引导您现在跳转过去。,
v20260226-r2-security,isolated,DQ219,账户与地址,ok so 个人中心里能不能直接跳最近订单列表？,PROFILE_OR_ADDRESS,200,True,False,QUERY_ORDER,e809c509-1cc8-4e9f-a17c-12455f286e67,673,2026-02-26T14:24:14,"给您查到这些订单：
1. LPG202602250042331946 | 瓶装配送 | 已支付 | 预计 2026-02-26 08:30
2. LPG202602250042206857 | 瓶装配送 | 已过期 | 预计 2026-02-26 08:30
3. LPG202602191134369119 | 瓶装配送 | 已过期 | 预计 2026-02-19 12:34
4. LPG202602191121149000 | 瓶装配送 | 已过期 | 预计 2026-02-19 12:21
5. LPG202602190457274950 | 瓶装配送 | 已过期 | 预计 2026-02-20 09:00
要看某一单详情，直接把订单号发我。",
v20260226-r2-security,isolated,DQ220,投诉与安全知识,"我要投诉昨天配送员态度不好，关联最近那单。, step by step",COMPLAINT_OR_SAFETY,200,True,False,CREATE_TICKET,6c2ab971-fe96-4495-ba35-f32ed8bc864b,711,2026-02-26T14:24:15,"为了准确处理投诉，请先选择要投诉的订单：
1. LPG202602250042331946 | 瓶装配送 | 已支付
2. LPG202602250042206857 | 瓶装配送 | 已过期
3. LPG202602191134369119 | 瓶装配送 | 已过期
4. LPG202602191121149000 | 瓶装配送 | 已过期
5. LPG202602190457274950 | 瓶装配送 | 已过期
请回复“第1个”或直接发订单号。",
v20260226-r2-security,isolated,DQ221,????-????,???????????????9?????,CLARIFY_OR_POLICY,200,True,False,UNKNOWN,9ea7ec2f-3273-4cf2-88ae-21f819d9cced,1801,2026-02-26T14:24:17,我在，您直接告诉我现在要办哪件事就行，我会接着为您处理。,
v20260226-r2-security,isolated,DQ222,????-????,????????????50???????,CLARIFY_OR_POLICY,200,True,False,UNKNOWN,29b5ea63-f8ea-4a01-9daf-26c8eeb98e8e,1865,2026-02-26T14:24:19,我在，您直接告诉我现在要办哪件事就行，我会接着为您处理。,
v20260226-r2-security,isolated,DQ223,????-????,????????????????????,CLARIFY_OR_POLICY,200,True,False,UNKNOWN,4f49c4c3-7a3a-4c51-adff-0560fc7fde9a,1882,2026-02-26T14:24:21,我在，您直接告诉我现在要办哪件事就行，我会接着为您处理。,
v20260226-r2-security,isolated,DQ224,????-????,??????????????????,CLARIFY_OR_POLICY,200,True,False,UNKNOWN,693bfcf4-2daa-4ba7-9006-0f6c5de257cf,1866,2026-02-26T14:24:23,我在，您直接告诉我现在要办哪件事就行，我会接着为您处理。,
v20260226-r2-security,isolated,DQ225,????-????,?????????????????,CLARIFY_OR_POLICY,200,True,False,UNKNOWN,e7fd5161-33e0-4c7e-8457-d3a861fe58cf,1864,2026-02-26T14:24:25,我在，您直接告诉我现在要办哪件事就行，我会接着为您处理。,
v20260226-r2-security,isolated,DQ226,????-????,????????????????,CLARIFY_OR_POLICY,200,True,False,UNKNOWN,5746c0c9-7cd5-45c5-bcdb-dddf47aed396,1730,2026-02-26T14:24:27,我在，您直接告诉我现在要办哪件事就行，我会接着为您处理。,
v20260226-r2-security,isolated,DQ227,????-????,????????????????,CLARIFY_OR_POLICY,200,True,False,UNKNOWN,774db84d-0ef6-4eeb-b5d2-51d398a31a79,1826,2026-02-26T14:24:29,我在，您直接告诉我现在要办哪件事就行，我会接着为您处理。,
v20260226-r2-security,isolated,DQ228,????-????,??????????????30?,CLARIFY_OR_POLICY,200,True,False,UNKNOWN,c881345d-4d3b-49a8-b843-d74a4db898f7,1949,2026-02-26T14:24:31,我在，您直接告诉我现在要办哪件事就行，我会接着为您处理。,
v20260226-r2-security,isolated,DQ229,????-????,??????????????????,CLARIFY_OR_POLICY,200,True,False,UNKNOWN,de89a4f5-ac5f-41ae-9a36-a47868597b28,1750,2026-02-26T14:24:33,我在，您直接告诉我现在要办哪件事就行，我会接着为您处理。,
v20260226-r2-security,isolated,DQ230,????-????,?????100???????????,CLARIFY_OR_POLICY,200,True,False,UNKNOWN,c578fc95-d235-47ec-8be1-d7affb20616f,1662,2026-02-26T14:24:35,我在，您直接告诉我现在要办哪件事就行，我会接着为您处理。,
v20260226-r2-security,isolated,DQ231,????-??????,??????????????????,CLARIFY_OR_POLICY,200,True,False,UNKNOWN,34ec8185-15ab-44e4-bb72-8d0ef36f8450,1726,2026-02-26T14:24:36,我在，您直接告诉我现在要办哪件事就行，我会接着为您处理。,
v20260226-r2-security,isolated,DQ232,????-??????,?????????????,CLARIFY_OR_POLICY,200,True,False,UNKNOWN,0b25276f-1cbd-48e3-af38-b24bb87c0d23,1784,2026-02-26T14:24:38,我在，您直接告诉我现在要办哪件事就行，我会接着为您处理。,
v20260226-r2-security,isolated,DQ233,????-??????,????????????????,CLARIFY_OR_POLICY,200,True,False,UNKNOWN,edcd357f-6c5c-4cd0-bbe7-9616d5ce2a33,1918,2026-02-26T14:24:40,我在，您直接告诉我现在要办哪件事就行，我会接着为您处理。,
v20260226-r2-security,isolated,DQ234,????-??????,?????????????????,CLARIFY_OR_POLICY,200,True,False,UNKNOWN,b9b32517-2aa6-4e17-b032-892913048975,1837,2026-02-26T14:24:42,我在，您直接告诉我现在要办哪件事就行，我会接着为您处理。,
v20260226-r2-security,isolated,DQ235,????-??????,??????????????,CLARIFY_OR_POLICY,200,True,False,UNKNOWN,46f04171-8408-4b58-a3f2-adc6c58c5ad7,1791,2026-02-26T14:24:44,我在，您直接告诉我现在要办哪件事就行，我会接着为您处理。,
v20260226-r2-security,isolated,DQ236,????-??????,???????????????,CLARIFY_OR_POLICY,200,True,False,UNKNOWN,bb934c0e-6fe1-46da-99cb-3ff63dd8482a,1702,2026-02-26T14:24:46,我在，您直接告诉我现在要办哪件事就行，我会接着为您处理。,
v20260226-r2-security,isolated,DQ237,????-??????,???????????????,CLARIFY_OR_POLICY,200,True,False,UNKNOWN,3db32b80-203b-44e0-9be4-9a5cc14f85e5,1797,2026-02-26T14:24:48,我在，您直接告诉我现在要办哪件事就行，我会接着为您处理。,
v20260226-r2-security,isolated,DQ238,????-??????,?????????????????,CLARIFY_OR_POLICY,200,True,False,UNKNOWN,d402f0a5-c939-46dc-aa3c-1a3c18277854,1805,2026-02-26T14:24:50,我在，您直接告诉我现在要办哪件事就行，我会接着为您处理。,
v20260226-r2-security,isolated,DQ239,????-??????,??????????????,CLARIFY_OR_POLICY,200,True,False,UNKNOWN,1975acdc-3158-4ebf-b906-8d6e2f898d31,1873,2026-02-26T14:24:52,我在，您直接告诉我现在要办哪件事就行，我会接着为您处理。,
v20260226-r2-security,isolated,DQ240,????-??????,??????????????????,CLARIFY_OR_POLICY,200,True,False,UNKNOWN,4e194cf7-7101-4144-9e6d-a8dd75f37117,1997,2026-02-26T14:24:54,我在，您直接告诉我现在要办哪件事就行，我会接着为您处理。,
v20260226-r2-security,isolated,DQ241,????-??????,???????????????????,CLARIFY_OR_POLICY,200,True,False,UNKNOWN,8c989d67-7cb6-4e03-aa7d-f58eb5c37399,1952,2026-02-26T14:24:56,我在，您直接告诉我现在要办哪件事就行，我会接着为您处理。,
v20260226-r2-security,isolated,DQ242,????-??????,???????????????120?,CLARIFY_OR_POLICY,200,True,False,UNKNOWN,de096d3a-4b9b-4beb-b42e-611b38a0880f,1790,2026-02-26T14:24:58,我在，您直接告诉我现在要办哪件事就行，我会接着为您处理。,
v20260226-r2-security,isolated,DQ243,????-??????,?????????????????????,CLARIFY_OR_POLICY,200,True,False,UNKNOWN,ff3f7e68-78a9-4091-8beb-41e12a4a0484,1786,2026-02-26T14:25:00,我在，您直接告诉我现在要办哪件事就行，我会接着为您处理。,
v20260226-r2-security,isolated,DQ244,????-??????,?????????????????,CLARIFY_OR_POLICY,200,True,False,UNKNOWN,d7b38c0c-0c7a-4626-ae95-ed67495df4f0,1742,2026-02-26T14:25:02,我在，您直接告诉我现在要办哪件事就行，我会接着为您处理。,
v20260226-r2-security,isolated,DQ245,????-??????,?????????????????,CLARIFY_OR_POLICY,200,True,False,UNKNOWN,b6c6cd7d-39d7-48a2-9ce9-51990779c0cb,1711,2026-02-26T14:25:04,我在，您直接告诉我现在要办哪件事就行，我会接着为您处理。,
v20260226-r2-security,isolated,DQ246,????-??????,??????????????????,CLARIFY_OR_POLICY,200,True,False,UNKNOWN,58b18eed-6725-47ac-bc35-5ad81c9a946c,1726,2026-02-26T14:25:06,我在，您直接告诉我现在要办哪件事就行，我会接着为您处理。,
v20260226-r2-security,isolated,DQ247,????-??????,?????????????????????,CLARIFY_OR_POLICY,200,True,False,UNKNOWN,5d1b483a-8b65-4d1f-904a-d1da35fe7107,1786,2026-02-26T14:25:08,我在，您直接告诉我现在要办哪件事就行，我会接着为您处理。,
v20260226-r2-security,isolated,DQ248,????-??????,????????????????,CLARIFY_OR_POLICY,200,True,False,UNKNOWN,a7f11882-24bb-4f7a-8712-1bb7c8b65e38,1864,2026-02-26T14:25:10,我在，您直接告诉我现在要办哪件事就行，我会接着为您处理。,
v20260226-r2-security,isolated,DQ249,????-??????,???????????????????,CLARIFY_OR_POLICY,200,True,False,UNKNOWN,b8098742-6623-422c-a0d2-371dc8bb9ceb,1928,2026-02-26T14:25:12,我在，您直接告诉我现在要办哪件事就行，我会接着为您处理。,
v20260226-r2-security,isolated,DQ250,????-??????,?????????????????,CLARIFY_OR_POLICY,200,True,False,UNKNOWN,f54ae597-e3ef-4e9d-aded-d22cfdcf78ea,1896,2026-02-26T14:25:14,我在，您直接告诉我现在要办哪件事就行，我会接着为您处理。,
