id,category,message,intent_hint,status_code,ok,confirm_required,run_id,latency_ms,response,error
DQ033,下单-瓶装配送,我要开发票，抬头是‘上海禾川餐饮有限公司’。,ORDER_CREATE,200,True,False,58d1e8b3-ca72-4b64-aef0-812e7bcea394,2754,"可以开票。您这是“新下单时开票”还是“历史订单补开票”？
如果是新下单，我继续帮您补齐下单信息；如果是历史订单，请把订单号发我。",
DQ034,下单-瓶装配送,开票税号我等会发，你先把其他信息问完。,ORDER_CREATE,200,True,False,f88d7a3c-7bd2-400e-ac95-31566c017c5a,2637,"可以开票。您这是“新下单时开票”还是“历史订单补开票”？
如果是新下单，我继续帮您补齐下单信息；如果是历史订单，请把订单号发我。",
DQ050,下单-瓶装配送,我这个是公司用气，发票必须开普票。,ORDER_CREATE,200,True,False,ddce5b50-b39c-4607-9ab1-4d639bd13762,2607,"可以开票。您这是“新下单时开票”还是“历史订单补开票”？
如果是新下单，我继续帮您补齐下单信息；如果是历史订单，请把订单号发我。",
DQ110,订单查询,费用明细给我拆开看：小计、加急费、总价。,ORDER_QUERY,200,True,False,196bb04c-c520-4114-b99d-6bc3b9688e05,2747,您当前还没有可查询的订单。,
DQ141,账户与地址,我想改登录密码，流程怎么走？,PROFILE_OR_ADDRESS,200,True,False,ecc7bcf8-7b88-47c9-ab77-b744dba1514c,2721,出于账号安全考虑，修改密码请在“个人中心-修改密码”中完成。我可以引导您现在跳转过去。,
DQ153,投诉与安全知识,燃气泄漏了先做什么？给我短句步骤，马上能照做。,COMPLAINT_OR_SAFETY,200,True,False,d4bc03e1-0d1a-4aa2-aee9-40352d0b6389,2700,"先按这个顺序处理：
1) 立即关闭燃气阀门。
2) 打开门窗通风，不要开关任何电器。
3) 人员先撤到安全区域。
4) 联系应急热线 400-888-0000。
如果您愿意，我可以继续帮您记录情况并发起售后处理。",
