result_version,id,category,message,intent_hint,status_code,ok,confirm_required,intent,run_id,latency_ms,tested_at,response,error
v20260213-fix2,DQ001,能力与流程,在吗？我第一次用这个系统，你大概能帮我干啥？,CLARIFY_OR_POLICY,200,True,False,UNKNOWN,b7737c6c-2925-42b4-b7f5-19bce240ceba,5683,2026-02-14T00:23:28,您好，我在。您可以直接告诉我需求，比如下单、查订单、取消订单、改地址、投诉建议。,
v20260213-fix2,DQ002,能力与流程,我不太会点网页，你能像真人客服那样一步一步带我吗？,CLARIFY_OR_POLICY,200,True,False,UNKNOWN,986714fa-52de-4918-81cb-799fd3ed711d,545,2026-02-14T00:23:28,"可以的，我会按最少必要信息一步步问您，不会让您一次填很多项。
我现在能直接处理：下单、查订单、支付、取消、改址、投诉建议、修改昵称。
下单时我会默认带出您的常用联系人和默认地址，您只要说需要改哪一项就行。",
v20260213-fix2,DQ003,能力与流程,你这边是只管下单，还是投诉、改地址这些都能办？,CLARIFY_OR_POLICY,200,True,False,MODIFY_ORDER,8c5d041e-a4a4-4915-a750-1a221f95bdf9,550,2026-02-14T00:23:29,按规则，服务开始前至少 1 小时才能改址。把订单号发我，我先帮您判断是否可改。,
v20260213-fix2,DQ004,能力与流程,我是门店店长，平时最常用哪些功能你先给我讲讲。,CLARIFY_OR_POLICY,200,True,False,UNKNOWN,66464b37-50a1-46f2-9373-b64f66c278c1,575,2026-02-14T00:23:29,我可以直接帮您处理。您告诉我现在最想办哪件事就行，比如“下单两瓶15kg”或“查最近订单”。,
v20260213-fix2,DQ005,能力与流程,我说话可能比较碎，你能自己整理重点吗？,CLARIFY_OR_POLICY,200,True,False,UNKNOWN,0db6070d-5cb6-49b3-9264-1a61fc4e89ee,553,2026-02-14T00:23:30,我可以直接帮您处理。您告诉我现在最想办哪件事就行，比如“下单两瓶15kg”或“查最近订单”。,
v20260213-fix2,DQ006,能力与流程,我要是只说‘帮我处理一下’，你会先问我什么？,CLARIFY_OR_POLICY,200,True,False,UNKNOWN,4d361104-dafe-4d9f-b4ea-6205994d7bd1,524,2026-02-14T00:23:30,"可以的，我会按最少必要信息一步步问您，不会让您一次填很多项。
我现在能直接处理：下单、查订单、支付、取消、改址、投诉建议、修改昵称。
下单时我会默认带出您的常用联系人和默认地址，您只要说需要改哪一项就行。",
v20260213-fix2,DQ007,能力与流程,先别下单，我想知道取消规则和改址规则，简单说重点。,CLARIFY_OR_POLICY,200,True,False,MODIFY_ORDER,bccd90a2-1b5e-4198-8cd6-43f9dda32ea6,546,2026-02-14T00:23:31,按规则，服务开始前至少 1 小时才能改址。把订单号发我，我先帮您判断是否可改。,
v20260213-fix2,DQ008,能力与流程,你会不会直接给我下单？我希望先确认再动手。,CLARIFY_OR_POLICY,200,True,False,CREATE_ORDER,ed83ceda-2967-4cdc-840c-0ec9f756ffd3,557,2026-02-14T00:23:31,没问题，我来一步步帮您下单。先确认服务类型：瓶装配送、换瓶、安装、安检、报修或配件。,
v20260213-fix2,DQ009,能力与流程,你查订单是按订单号，还是按我这个账号就能查？,CLARIFY_OR_POLICY,200,True,False,QUERY_ORDER,cbcd0817-c8eb-4579-8a2c-3d18ba4f2c6d,556,2026-02-14T00:23:32,目前还没有查到订单记录。要不要我现在帮您下第一单？,
v20260213-fix2,DQ010,能力与流程,我不想每次都重复地址电话，你能默认带出来吗？,CLARIFY_OR_POLICY,200,True,False,UNKNOWN,e1c33cad-bd07-4b34-98cb-69aa5e84990d,540,2026-02-14T00:23:32,"可以的，我会按最少必要信息一步步问您，不会让您一次填很多项。
我现在能直接处理：下单、查订单、支付、取消、改址、投诉建议、修改昵称。
下单时我会默认带出您的常用联系人和默认地址，您只要说需要改哪一项就行。",
v20260213-fix2,DQ011,能力与流程,你这边是24小时都能下单吗，夜里会怎么安排？,CLARIFY_OR_POLICY,200,True,False,CREATE_ORDER,4ecc5982-fcfd-4d20-bec4-ce1d644ce4cf,556,2026-02-14T00:23:33,没问题，我来一步步帮您下单。先确认服务类型：瓶装配送、换瓶、安装、安检、报修或配件。,
v20260213-fix2,DQ012,能力与流程,我比较着急，你回答能不能短一点，别太官方。,CLARIFY_OR_POLICY,200,True,False,UNKNOWN,61f17373-79b3-4eb1-beda-d9cf5472c511,541,2026-02-14T00:23:34,"可以的，我会按最少必要信息一步步问您，不会让您一次填很多项。
我现在能直接处理：下单、查订单、支付、取消、改址、投诉建议、修改昵称。
下单时我会默认带出您的常用联系人和默认地址，您只要说需要改哪一项就行。",
v20260213-fix2,DQ013,能力与流程,如果我说错了服务类型，你会提醒我改吗？,CLARIFY_OR_POLICY,200,True,False,UNKNOWN,89fbca8e-7e4f-427c-abdc-f90331fd0f43,568,2026-02-14T00:23:34,我可以直接帮您处理。您告诉我现在最想办哪件事就行，比如“下单两瓶15kg”或“查最近订单”。,
v20260213-fix2,DQ014,能力与流程,我有时候会发语音转文字，错别字挺多，你能看懂吗？,CLARIFY_OR_POLICY,200,True,False,UNKNOWN,a53439c6-fe46-4a6e-984a-c67dae40c2ca,570,2026-02-14T00:23:35,我可以直接帮您处理。您告诉我现在最想办哪件事就行，比如“下单两瓶15kg”或“查最近订单”。,
v20260213-fix2,DQ015,能力与流程,你是机器人我知道，但回复能不能别那么模板化。,CLARIFY_OR_POLICY,200,True,False,UNKNOWN,0e8fc959-76c7-4e75-9a9a-198010b0c716,556,2026-02-14T00:23:35,我可以直接帮您处理。您告诉我现在最想办哪件事就行，比如“下单两瓶15kg”或“查最近订单”。,
v20260213-fix2,DQ016,能力与流程,先告诉我：你现在能做、不能做的各三条就行。,CLARIFY_OR_POLICY,200,True,False,UNKNOWN,c5c5b7c2-04d1-4b06-8ee1-5229c23502d0,555,2026-02-14T00:23:36,"可以的，我会按最少必要信息一步步问您，不会让您一次填很多项。
我现在能直接处理：下单、查订单、支付、取消、改址、投诉建议、修改昵称。
下单时我会默认带出您的常用联系人和默认地址，您只要说需要改哪一项就行。",
v20260213-fix2,DQ017,下单-瓶装配送,我要叫气，今天能送吗？,ORDER_CREATE,200,True,False,CREATE_ORDER,8df66c18-26ae-4064-8547-f063ab65cf36,584,2026-02-14T00:23:36,好的，您要办理的是“瓶装配送”。收到。请问您要哪种规格：5kg、15kg 还是 45kg？,
v20260213-fix2,DQ018,下单-瓶装配送,帮我送两瓶15公斤的，越快越好。,ORDER_CREATE,200,True,False,UNKNOWN,68729b51-8e23-4f3d-a54d-f9e92509ed35,570,2026-02-14T00:23:37,我可以直接帮您处理。您告诉我现在最想办哪件事就行，比如“下单两瓶15kg”或“查最近订单”。,
v20260213-fix2,DQ019,下单-瓶装配送,我这边后厨快没气了，先来一瓶45kg顶着用。,ORDER_CREATE,200,True,False,UNKNOWN,0070d69b-1d89-400d-b1a3-dee2ddb1ff9f,566,2026-02-14T00:23:38,我可以直接帮您处理。您告诉我现在最想办哪件事就行，比如“下单两瓶15kg”或“查最近订单”。,
v20260213-fix2,DQ020,下单-瓶装配送,15kg来2瓶，地址先用我默认的。,ORDER_CREATE,200,True,False,UNKNOWN,e4168b44-da09-4db1-b0ac-10e3d9d64202,559,2026-02-14T00:23:38,"您当前默认地址是：测试地址1号（测试账号 123）
共 2 个地址。
如需切换默认地址，告诉我“把地址ID 12 设为默认地址”即可。",
v20260213-fix2,DQ021,下单-瓶装配送,给我送个小瓶，5kg那种，一瓶就行。,ORDER_CREATE,200,True,False,UNKNOWN,02098071-0a0e-4a46-9fde-86a296ac27d4,574,2026-02-14T00:23:39,我可以直接帮您处理。您告诉我现在最想办哪件事就行，比如“下单两瓶15kg”或“查最近订单”。,
v20260213-fix2,DQ022,下单-瓶装配送,晚上十点还能送不？我要两瓶15kg。,ORDER_CREATE,200,True,False,UNKNOWN,65fac748-053f-40ed-bbbf-9f979f840f8c,564,2026-02-14T00:23:39,我可以直接帮您处理。您告诉我现在最想办哪件事就行，比如“下单两瓶15kg”或“查最近订单”。,
v20260213-fix2,DQ023,下单-瓶装配送,明早能送吗？大概9点到11点那段。,ORDER_CREATE,200,True,False,UNKNOWN,fba64644-00f9-480e-97bd-2d6b06a79fe8,573,2026-02-14T00:23:40,我可以直接帮您处理。您告诉我现在最想办哪件事就行，比如“下单两瓶15kg”或“查最近订单”。,
v20260213-fix2,DQ024,下单-瓶装配送,我就一句话：送煤气来。你继续问我吧。,ORDER_CREATE,200,True,False,CREATE_ORDER,6ac25c66-6ee0-441a-ac5f-d73d06eb311f,584,2026-02-14T00:23:40,好的，您要办理的是“瓶装配送”。收到。请问您要哪种规格：5kg、15kg 还是 45kg？,
v20260213-fix2,DQ025,下单-瓶装配送,我赶时间，能走加急就走加急。,ORDER_CREATE,200,True,False,UNKNOWN,8f1c8e8a-72a1-45a0-a3dd-198469d810da,589,2026-02-14T00:23:41,我可以直接帮您处理。您告诉我现在最想办哪件事就行，比如“下单两瓶15kg”或“查最近订单”。,
v20260213-fix2,DQ026,下单-瓶装配送,备注一下：到门口别按铃，打电话就行。,ORDER_CREATE,200,True,False,UNKNOWN,6b1d1eba-0cb1-41cd-8c75-d987f60be00e,555,2026-02-14T00:23:42,我可以直接帮您处理。您告诉我现在最想办哪件事就行，比如“下单两瓶15kg”或“查最近订单”。,
v20260213-fix2,DQ027,下单-瓶装配送,联系人改成王师傅，电话13800138000。,ORDER_CREATE,200,True,False,UNKNOWN,bbd4a66b-f656-41f9-a40e-d02e6ba2778e,573,2026-02-14T00:23:42,我可以直接帮您处理。您告诉我现在最想办哪件事就行，比如“下单两瓶15kg”或“查最近订单”。,
v20260213-fix2,DQ028,下单-瓶装配送,我手机快没电了，你先把需要我确认的都一次性说完。,ORDER_CREATE,200,True,False,UNKNOWN,fd4da729-1a46-4904-a58d-97b04ab54945,590,2026-02-14T00:23:43,我可以直接帮您处理。您告诉我现在最想办哪件事就行，比如“下单两瓶15kg”或“查最近订单”。,
v20260213-fix2,DQ029,下单-瓶装配送,下单但先别创建，我想先看看订单内容有没有错。,ORDER_CREATE,200,True,False,QUERY_ORDER,4bbcfdf3-d8de-4151-97df-c98dedff69a9,565,2026-02-14T00:23:43,目前还没有查到订单记录。要不要我现在帮您下第一单？,
v20260213-fix2,DQ030,下单-瓶装配送,我要两罐气，型号我不懂，你给我推荐最常用的。,ORDER_CREATE,200,True,False,UNKNOWN,36fac3f3-69e5-4768-bfb3-d18ca4fdd834,582,2026-02-14T00:23:44,我可以直接帮您处理。您告诉我现在最想办哪件事就行，比如“下单两瓶15kg”或“查最近订单”。,
v20260213-fix2,DQ031,下单-瓶装配送,ASAP下单，地址不变，电话不变，直接帮我补完流程。,ORDER_CREATE,200,True,False,CREATE_ORDER,10e5a156-00c1-49b8-aea9-9123a95939b8,573,2026-02-14T00:23:44,没问题，我来一步步帮您下单。先确认服务类型：瓶装配送、换瓶、安装、安检、报修或配件。,
v20260213-fix2,DQ032,下单-瓶装配送,今天19-21点要能到，能安排就下。,ORDER_CREATE,200,True,False,UNKNOWN,a2baae60-da6d-4446-ace9-2a91ccd4455e,576,2026-02-14T00:23:45,我可以直接帮您处理。您告诉我现在最想办哪件事就行，比如“下单两瓶15kg”或“查最近订单”。,
v20260213-fix2,DQ033,下单-瓶装配送,我要开发票，抬头是‘上海禾川餐饮有限公司’。,ORDER_CREATE,200,True,False,UNKNOWN,c59f5e29-9876-49c6-a401-e426a02f115f,579,2026-02-14T00:23:46,可以开票。我先记下您的开票要求；如果您是新下单，我会把发票信息一并写进备注里，后续只需要继续补齐下单信息即可。,
v20260213-fix2,DQ034,下单-瓶装配送,开票税号我等会发，你先把其他信息问完。,ORDER_CREATE,200,True,False,UNKNOWN,1aac5d76-c4e0-4b10-9761-c5d145b834c1,574,2026-02-14T00:23:46,可以开票。我先记下您的开票要求；如果您是新下单，我会把发票信息一并写进备注里，后续只需要继续补齐下单信息即可。,
v20260213-fix2,DQ035,下单-瓶装配送,送到仓库北门，司机到了给我打电话。,ORDER_CREATE,200,True,False,UNKNOWN,bdaacf82-d26a-447c-8047-d8b498978585,580,2026-02-14T00:23:47,我可以直接帮您处理。您告诉我现在最想办哪件事就行，比如“下单两瓶15kg”或“查最近订单”。,
v20260213-fix2,DQ036,下单-瓶装配送,我这个单子不加急，正常排就行。,ORDER_CREATE,200,True,False,UNKNOWN,5597494f-4ef7-4c62-a41f-727b518fb877,572,2026-02-14T00:23:47,我可以直接帮您处理。您告诉我现在最想办哪件事就行，比如“下单两瓶15kg”或“查最近订单”。,
v20260213-fix2,DQ037,下单-瓶装配送,先帮我算个总价，我确认后你再下。,ORDER_CREATE,200,True,False,QUERY_ORDER,e016614f-5e39-42cc-9787-41161071ac48,583,2026-02-14T00:23:48,您当前还没有可查询的订单。,
v20260213-fix2,DQ038,下单-瓶装配送,我想‘尽快’，但别太晚，超过21点就明天吧。,ORDER_CREATE,200,True,False,UNKNOWN,2e5057fc-e6eb-4f5f-8f5c-7db7e3eb2cd6,581,2026-02-14T00:23:49,我可以直接帮您处理。您告诉我现在最想办哪件事就行，比如“下单两瓶15kg”或“查最近订单”。,
v20260213-fix2,DQ039,下单-瓶装配送,我要1瓶45kg，最好今天下午能到。,ORDER_CREATE,200,True,False,UNKNOWN,b42980e3-7202-4181-ac87-7e89f84481ea,574,2026-02-14T00:23:49,我可以直接帮您处理。您告诉我现在最想办哪件事就行，比如“下单两瓶15kg”或“查最近订单”。,
v20260213-fix2,DQ040,下单-瓶装配送,你先问我缺什么，不要一上来给我长表格。,ORDER_CREATE,200,True,False,UNKNOWN,29fd7e4b-d803-46a6-af4c-4ce90a8dbbb5,597,2026-02-14T00:23:50,我可以直接帮您处理。您告诉我现在最想办哪件事就行，比如“下单两瓶15kg”或“查最近订单”。,
v20260213-fix2,DQ041,下单-瓶装配送,下单信息你帮我复述一下，我怕说漏了。,ORDER_CREATE,200,True,False,CREATE_ORDER,cbed12e5-5b06-437c-8905-7529e9c27316,585,2026-02-14T00:23:50,没问题，我来一步步帮您下单。先确认服务类型：瓶装配送、换瓶、安装、安检、报修或配件。,
v20260213-fix2,DQ042,下单-瓶装配送,现在下，时间你按系统最早可达安排。,ORDER_CREATE,200,True,False,UNKNOWN,1106130b-001d-4fa0-9126-acb51f682836,568,2026-02-14T00:23:51,我可以直接帮您处理。您告诉我现在最想办哪件事就行，比如“下单两瓶15kg”或“查最近订单”。,
v20260213-fix2,DQ043,下单-瓶装配送,送气+开票一起办，别让我分两次说。,ORDER_CREATE,200,True,False,UNKNOWN,3ee019f2-9231-4822-89ca-343399b1c488,562,2026-02-14T00:23:51,可以开票。我先记下您的开票要求；如果您是新下单，我会把发票信息一并写进备注里，后续只需要继续补齐下单信息即可。,
v20260213-fix2,DQ044,下单-瓶装配送,来两瓶15kg，备注‘从后门进，前厅忙’。,ORDER_CREATE,200,True,False,UNKNOWN,b67eeb79-75c5-43f3-bb57-410ddcaee1f0,566,2026-02-14T00:23:52,我可以直接帮您处理。您告诉我现在最想办哪件事就行，比如“下单两瓶15kg”或“查最近订单”。,
v20260213-fix2,DQ045,下单-瓶装配送,如果今天排不上，你给我一个明早最早时间。,ORDER_CREATE,200,True,False,UNKNOWN,361d3d34-c55d-4f99-b92b-1a4f92e7b2ba,587,2026-02-14T00:23:53,我可以直接帮您处理。您告诉我现在最想办哪件事就行，比如“下单两瓶15kg”或“查最近订单”。,
v20260213-fix2,DQ046,下单-瓶装配送,我就一句：给我来气。你来主导提问。,ORDER_CREATE,200,True,False,CREATE_ORDER,d1e14a08-d2d6-4faa-ab45-c4162002a062,555,2026-02-14T00:23:53,好的，您要办理的是“瓶装配送”。收到。请问您要哪种规格：5kg、15kg 还是 45kg？,
v20260213-fix2,DQ047,下单-瓶装配送,数量先按1瓶，你再问我要不要改。,ORDER_CREATE,200,True,False,UNKNOWN,d60e9ad7-2982-4fbe-863d-a754b97a701f,542,2026-02-14T00:23:54,我可以直接帮您处理。您告诉我现在最想办哪件事就行，比如“下单两瓶15kg”或“查最近订单”。,
v20260213-fix2,DQ048,下单-瓶装配送,我地址有门禁，备注加一句‘到门口电话联系’。,ORDER_CREATE,200,True,False,UNKNOWN,a4c6713f-5192-4eec-aff5-64d42c44d3f0,573,2026-02-14T00:23:54,我可以帮您处理账户和地址。您可以说“看我的资料”“新增地址”或“把地址ID 12 设为默认”。,
v20260213-fix2,DQ049,下单-瓶装配送,给我下单，联系人用李姐，别用账号默认名字。,ORDER_CREATE,200,True,False,CREATE_ORDER,bde854ca-2620-436d-a571-9897fae0393f,547,2026-02-14T00:23:55,没问题，我来一步步帮您下单。先确认服务类型：瓶装配送、换瓶、安装、安检、报修或配件。,
v20260213-fix2,DQ050,下单-瓶装配送,我这个是公司用气，发票必须开普票。,ORDER_CREATE,200,True,False,UNKNOWN,9c69ecdb-7819-46f2-aadc-33440976842a,548,2026-02-14T00:23:55,可以开票。我先记下您的开票要求；如果您是新下单，我会把发票信息一并写进备注里，后续只需要继续补齐下单信息即可。,
v20260213-fix2,DQ051,下单-瓶装配送,你先把关键字段确认好，再说创建订单。,ORDER_CREATE,200,True,False,UNKNOWN,c2a53d91-e9c6-40a3-ad9e-08596967779c,562,2026-02-14T00:23:56,我可以直接帮您处理。您告诉我现在最想办哪件事就行，比如“下单两瓶15kg”或“查最近订单”。,
v20260213-fix2,DQ052,下单-瓶装配送,15公斤两瓶，别加急，明天下午。,ORDER_CREATE,200,True,False,UNKNOWN,897decd0-bb4a-44ed-b14d-a6982cd08b46,556,2026-02-14T00:23:56,我可以直接帮您处理。您告诉我现在最想办哪件事就行，比如“下单两瓶15kg”或“查最近订单”。,
v20260213-fix2,DQ053,下单-瓶装配送,我想边聊边改参数，别每次都重头再来。,ORDER_CREATE,200,True,False,UNKNOWN,139054e4-dc9a-4538-b8ab-705991a35fd6,564,2026-02-14T00:23:57,我可以直接帮您处理。您告诉我现在最想办哪件事就行，比如“下单两瓶15kg”或“查最近订单”。,
v20260213-fix2,DQ054,下单-瓶装配送,下单后如果发现地址错了，你要提醒我改址时限。,ORDER_CREATE,200,True,False,MODIFY_ORDER,aecad10d-edf4-4172-9bf7-77f56c0ec722,551,2026-02-14T00:23:58,按规则，服务开始前至少 1 小时才能改址。把订单号发我，我先帮您判断是否可改。,
v20260213-fix2,DQ055,下单-安装安检报修换瓶,我要预约安装，明天下午有空档吗？,ORDER_CREATE,200,True,True,CREATE_ORDER,c979c1f1-90d9-4ac2-a1ea-1d11f24f42fb,535,2026-02-14T00:23:58,"我先把订单信息整理好了，您确认一下：
1. 服务类型：安装
2. 服务项目：我要预约安装，明天下午有空档吗？
3. 服务地址：默认地址
4. 联系方式：测试账号 123
5. 预约时间：2026-02-14 13:00-15:00
6. 是否加急：否
7. 备注：无

请确认上面的订单信息是否正确。回复“确认下单”我就为您提交；如需修改，直接告诉我要改哪一项。",
v20260213-fix2,DQ056,下单-安装安检报修换瓶,做个安检，本周内都行，你帮我排。,ORDER_CREATE,200,True,True,CREATE_ORDER,4cea2673-6d80-41e9-a098-3ca9718beb27,564,2026-02-14T00:23:59,"我先把订单信息整理好了，您确认一下：
1. 服务类型：安检
2. 服务项目：做个安检，本周内都行，你帮我排。
3. 服务地址：默认地址
4. 联系方式：测试账号 123
5. 预约时间：尽快（系统自动分配）
6. 是否加急：否
7. 备注：无

请确认上面的订单信息是否正确。回复“确认下单”我就为您提交；如需修改，直接告诉我要改哪一项。",
v20260213-fix2,DQ057,下单-安装安检报修换瓶,报修，灶台点火老是失败。,ORDER_CREATE,200,True,True,CREATE_ORDER,5d220f86-044b-4a20-97f2-6fee56550b3e,567,2026-02-14T00:23:59,"我先把订单信息整理好了，您确认一下：
1. 服务类型：报修
2. 服务项目：报修，灶台点火老是失败。
3. 服务地址：默认地址
4. 联系方式：测试账号 123
5. 预约时间：尽快（系统自动分配）
6. 是否加急：否
7. 备注：无

请确认上面的订单信息是否正确。回复“确认下单”我就为您提交；如需修改，直接告诉我要改哪一项。",
v20260213-fix2,DQ058,下单-安装安检报修换瓶,我要换瓶，15kg一瓶，旧瓶要回收。,ORDER_CREATE,200,True,False,CREATE_ORDER,5d4d98e8-bd95-4b88-afa4-5bd4d1c110a2,554,2026-02-14T00:24:00,好的，您要办理的是“换瓶”。换瓶服务再确认一下：是否回收空瓶？回复“是”或“否”即可。,
v20260213-fix2,DQ059,下单-安装安检报修换瓶,安装都能装啥？先给我几个常见项目。,ORDER_CREATE,200,True,True,CREATE_ORDER,b9dac2a6-28ac-4082-897c-88da5517873f,549,2026-02-14T00:24:00,"我先把订单信息整理好了，您确认一下：
1. 服务类型：安装
2. 服务项目：安装都能装啥？先给我几个常见项目。
3. 服务地址：默认地址
4. 联系方式：测试账号 123
5. 预约时间：尽快（系统自动分配）
6. 是否加急：否
7. 备注：无

请确认上面的订单信息是否正确。回复“确认下单”我就为您提交；如需修改，直接告诉我要改哪一项。",
v20260213-fix2,DQ060,下单-安装安检报修换瓶,安检可以做后厨全套检查吗，我们是餐饮店。,ORDER_CREATE,200,True,True,CREATE_ORDER,9f32fec7-29e4-4b7f-b0d5-82a73fc32f88,536,2026-02-14T00:24:01,"我先把订单信息整理好了，您确认一下：
1. 服务类型：安检
2. 服务项目：安检可以做后厨全套检查吗，我们是餐饮店。
3. 服务地址：默认地址
4. 联系方式：测试账号 123
5. 预约时间：尽快（系统自动分配）
6. 是否加急：否
7. 备注：无

请确认上面的订单信息是否正确。回复“确认下单”我就为您提交；如需修改，直接告诉我要改哪一项。",
v20260213-fix2,DQ061,下单-安装安检报修换瓶,报修先上门看，费用大概从多少起？,ORDER_CREATE,200,True,True,CREATE_ORDER,93ee1f1f-df57-4e25-b295-b4acf672d422,563,2026-02-14T00:24:01,"我先把订单信息整理好了，您确认一下：
1. 服务类型：报修
2. 服务项目：报修先上门看，费用大概从多少起？
3. 服务地址：默认地址
4. 联系方式：测试账号 123
5. 预约时间：尽快（系统自动分配）
6. 是否加急：否
7. 备注：无

请确认上面的订单信息是否正确。回复“确认下单”我就为您提交；如需修改，直接告诉我要改哪一项。",
v20260213-fix2,DQ062,下单-安装安检报修换瓶,我要装报警器+切断阀联动，按流程来。,ORDER_CREATE,200,True,False,SAFETY_GUIDE,1a53cba5-9a8f-4512-b5e4-63731244240d,547,2026-02-14T00:24:02,"先按这个顺序处理：
1) 立即关闭燃气阀门。
2) 打开门窗通风，不要开关任何电器。
3) 人员先撤到安全区域。
4) 联系应急热线 400-888-0000。
处理完应急后，您回复我“继续”，我再帮您安排后续处理。",
v20260213-fix2,DQ063,下单-安装安检报修换瓶,今天能安排安检加急吗？,ORDER_CREATE,200,True,True,CREATE_ORDER,84e42e5f-8b6f-4efe-ab65-e37465ced838,555,2026-02-14T00:24:03,"我先把订单信息整理好了，您确认一下：
1. 服务类型：安检
2. 服务项目：今天能安排安检加急吗？
3. 服务地址：默认地址
4. 联系方式：测试账号 123
5. 预约时间：尽快（系统自动分配）
6. 是否加急：是
7. 备注：无

请确认上面的订单信息是否正确。回复“确认下单”我就为您提交；如需修改，直接告诉我要改哪一项。",
v20260213-fix2,DQ064,下单-安装安检报修换瓶,我想换瓶顺带做一次安检，能一起下吗？,ORDER_CREATE,200,True,False,CREATE_ORDER,a8f902cb-878c-417a-8204-d5eb23676cdf,551,2026-02-14T00:24:03,好的，您要办理的是“换瓶”。收到。请问您要哪种规格：5kg、15kg 还是 45kg？,
v20260213-fix2,DQ065,下单-安装安检报修换瓶,地址默认，联系人改成张工，做安装服务。,ORDER_CREATE,200,True,False,UNKNOWN,a8d78e7c-9173-43ad-898b-25a5e30fdc6e,547,2026-02-14T00:24:04,"您当前默认地址是：测试地址1号（测试账号 123）
共 2 个地址。
如需切换默认地址，告诉我“把地址ID 12 设为默认地址”即可。",
v20260213-fix2,DQ066,下单-安装安检报修换瓶,疑似漏气，但还不确定，报修怎么下最稳妥？,ORDER_CREATE,200,True,False,SAFETY_GUIDE,ca3159ff-50cd-4c73-9ba3-40dc3099d4e5,570,2026-02-14T00:24:04,"先按这个顺序处理：
1) 立即关闭燃气阀门。
2) 打开门窗通风，不要开关任何电器。
3) 人员先撤到安全区域。
4) 联系应急热线 400-888-0000。
处理完应急后，您回复我“继续”，我再帮您安排后续处理。",
v20260213-fix2,DQ067,下单-安装安检报修换瓶,我要INSTALLATION，你直接按中文问我就好。,ORDER_CREATE,200,True,False,CREATE_ORDER,1f3b4e26-de03-4bad-97e4-6a984920e829,582,2026-02-14T00:24:05,好的，您要办理的是“安装”。明白。请告诉我具体安装项目（例如：灶具安装、减压阀安装）。,
v20260213-fix2,DQ068,下单-安装安检报修换瓶,我要SAFETY_CHECK，先别急着创建，先确认。,ORDER_CREATE,200,True,False,CREATE_ORDER,24731199-cb06-4738-87a6-75485878af2c,577,2026-02-14T00:24:05,好的，您要办理的是“安检”。收到。请告诉我安检范围（例如：厨房、后厨、整店）。,
v20260213-fix2,DQ069,下单-安装安检报修换瓶,我要REPAIR，问题是火焰发黄还偶尔回火。,ORDER_CREATE,200,True,False,CREATE_ORDER,ba62729c-e0b7-4e66-b0dc-d8ac2565073d,568,2026-02-14T00:24:06,好的，您要办理的是“报修”。收到。请描述一下故障现象，我好为您安排报修。,
v20260213-fix2,DQ070,下单-安装安检报修换瓶,服务类型我说错了，改成换瓶，不是配送。,ORDER_CREATE,200,True,False,CREATE_ORDER,b98b9d77-9b16-4cb0-b9a6-f9ce5c0870f7,634,2026-02-14T00:24:07,好的，您要办理的是“换瓶”。收到。请问您要哪种规格：5kg、15kg 还是 45kg？,
v20260213-fix2,DQ071,下单-安装安检报修换瓶,安装能指定10点到12点这个窗口吗？,ORDER_CREATE,200,True,True,CREATE_ORDER,4dab045b-ffeb-4741-a4a9-d981faeef830,562,2026-02-14T00:24:07,"我先把订单信息整理好了，您确认一下：
1. 服务类型：安装
2. 服务项目：安装能指定10点到12点这个窗口吗？
3. 服务地址：默认地址
4. 联系方式：测试账号 123
5. 预约时间：尽快（系统自动分配）
6. 是否加急：否
7. 备注：无

请确认上面的订单信息是否正确。回复“确认下单”我就为您提交；如需修改，直接告诉我要改哪一项。",
v20260213-fix2,DQ072,下单-安装安检报修换瓶,我这个门店上午忙，尽量下午上门。,ORDER_CREATE,200,True,False,UNKNOWN,de139d09-a702-4b25-9257-59068a120663,573,2026-02-14T00:24:08,我可以直接帮您处理。您告诉我现在最想办哪件事就行，比如“下单两瓶15kg”或“查最近订单”。,
v20260213-fix2,DQ073,下单-安装安检报修换瓶,报修备注：设备品牌是XX，型号我一会补。,ORDER_CREATE,200,True,True,CREATE_ORDER,46c41547-1a66-4eed-bf1d-5024d4b53a07,639,2026-02-14T00:24:08,"我先把订单信息整理好了，您确认一下：
1. 服务类型：报修
2. 服务项目：报修备注：设备品牌是XX，型号我一会补。
3. 服务地址：默认地址
4. 联系方式：测试账号 123
5. 预约时间：尽快（系统自动分配）
6. 是否加急：否
7. 备注：设备品牌是XX，型号我一会补

请确认上面的订单信息是否正确。回复“确认下单”我就为您提交；如需修改，直接告诉我要改哪一项。",
v20260213-fix2,DQ074,下单-安装安检报修换瓶,安检要开发票，抬头用公司全称。,ORDER_CREATE,200,True,False,UNKNOWN,5b70ac3a-2d2c-4068-9f07-63142e7e3f7d,569,2026-02-14T00:24:09,可以开票。我先记下您的开票要求；如果您是新下单，我会把发票信息一并写进备注里，后续只需要继续补齐下单信息即可。,
v20260213-fix2,DQ075,下单-安装安检报修换瓶,安装前需要准备什么，你顺便提醒我下。,ORDER_CREATE,200,True,True,CREATE_ORDER,607daa4d-7525-480f-a250-a73de190c289,573,2026-02-14T00:24:09,"我先把订单信息整理好了，您确认一下：
1. 服务类型：安装
2. 服务项目：安装前需要准备什么，你顺便提醒我下。
3. 服务地址：默认地址
4. 联系方式：测试账号 123
5. 预约时间：尽快（系统自动分配）
6. 是否加急：否
7. 备注：无

请确认上面的订单信息是否正确。回复“确认下单”我就为您提交；如需修改，直接告诉我要改哪一项。",
v20260213-fix2,DQ076,下单-安装安检报修换瓶,换瓶数量先1，等会我可能改2。,ORDER_CREATE,200,True,False,CREATE_ORDER,a50200a5-1d5c-4a2b-a6cb-03135e388d70,544,2026-02-14T00:24:10,好的，您要办理的是“换瓶”。收到。请问您要哪种规格：5kg、15kg 还是 45kg？,
v20260213-fix2,DQ077,下单-安装安检报修换瓶,报修单你先出个确认单，我看完再点头。,ORDER_CREATE,200,True,True,CREATE_ORDER,d8844b69-ef1d-444d-af11-c14b42f6be2b,545,2026-02-14T00:24:11,"我先把订单信息整理好了，您确认一下：
1. 服务类型：报修
2. 服务项目：报修单你先出个确认单，我看完再点头。
3. 服务地址：默认地址
4. 联系方式：测试账号 123
5. 预约时间：尽快（系统自动分配）
6. 是否加急：否
7. 备注：无

请确认上面的订单信息是否正确。回复“确认下单”我就为您提交；如需修改，直接告诉我要改哪一项。",
v20260213-fix2,DQ078,下单-安装安检报修换瓶,我说得比较乱，你帮我整理成可下单的信息。,ORDER_CREATE,200,True,False,CREATE_ORDER,a7ec619e-f883-4ffd-aedc-33e228af9d69,563,2026-02-14T00:24:11,没问题，我来一步步帮您下单。先确认服务类型：瓶装配送、换瓶、安装、安检、报修或配件。,
v20260213-fix2,DQ079,下单-安装安检报修换瓶,能不能别让我选太多项，你按必要项提问就行。,ORDER_CREATE,200,True,False,UNKNOWN,4485f77c-7a92-42c5-8465-d3b4a1a9f300,553,2026-02-14T00:24:12,我可以直接帮您处理。您告诉我现在最想办哪件事就行，比如“下单两瓶15kg”或“查最近订单”。,
v20260213-fix2,DQ080,下单-安装安检报修换瓶,我希望你像真人客服那样追问，不要机器话术。,ORDER_CREATE,200,True,False,UNKNOWN,0129ba70-a963-4ba9-9f6c-fcf4a2f108d5,561,2026-02-14T00:24:12,我可以直接帮您处理。您告诉我现在最想办哪件事就行，比如“下单两瓶15kg”或“查最近订单”。,
v20260213-fix2,DQ081,下单-安装安检报修换瓶,我有点急，先帮我判断该走报修还是安检。,ORDER_CREATE,200,True,True,CREATE_ORDER,0ffa06a8-e960-4ac7-8295-8be7584a8212,548,2026-02-14T00:24:13,"我先把订单信息整理好了，您确认一下：
1. 服务类型：安检
2. 服务项目：我有点急，先帮我判断该走报修还是安检。
3. 服务地址：默认地址
4. 联系方式：测试账号 123
5. 预约时间：尽快（系统自动分配）
6. 是否加急：否
7. 备注：无

请确认上面的订单信息是否正确。回复“确认下单”我就为您提交；如需修改，直接告诉我要改哪一项。",
v20260213-fix2,DQ082,下单-安装安检报修换瓶,把‘安装+安检’拆成哪种更合理，你建议一下。,ORDER_CREATE,200,True,True,CREATE_TICKET,bbf6dc4c-6afe-4ce5-8a88-c98bef60b3b5,534,2026-02-14T00:24:13,"将提交一条建议反馈。

确认的话回复“确认”，不执行回复“取消”。",
v20260213-fix2,DQ083,配件商城与购物车,商城里帮我找个适配15kg的减压阀。,ACCESSORIES_OR_CART,200,True,True,CREATE_ORDER,ef2222c8-3a1f-4e5a-8ae9-89262efcec1b,546,2026-02-14T00:24:14,"我先把订单信息整理好了，您确认一下：
1. 服务类型：配件
2. 服务项目：减压阀×1
3. 服务地址：默认地址
4. 联系方式：测试账号 123
5. 预约时间：尽快（系统自动分配）
6. 是否加急：否
7. 备注：无

请确认上面的订单信息是否正确。回复“确认下单”我就为您提交；如需修改，直接告诉我要改哪一项。",
v20260213-fix2,DQ084,配件商城与购物车,我要买报警器和软管，先加购物车。,ACCESSORIES_OR_CART,200,True,False,SAFETY_GUIDE,456dcea6-4e3d-440c-9e44-eb90a90247dc,550,2026-02-14T00:24:14,"先按这个顺序处理：
1) 立即关闭燃气阀门。
2) 打开门窗通风，不要开关任何电器。
3) 人员先撤到安全区域。
4) 联系应急热线 400-888-0000。
处理完应急后，您回复我“继续”，我再帮您安排后续处理。",
v20260213-fix2,DQ085,配件商城与购物车,购物车现在几件了？总价给我看下。,ACCESSORIES_OR_CART,200,True,False,QUERY_ORDER,b09dcac4-5072-48d8-8386-0d48b673fceb,557,2026-02-14T00:24:15,您当前还没有可查询的订单。,
v20260213-fix2,DQ086,配件商城与购物车,把购物车里报警器数量改成2个。,ACCESSORIES_OR_CART,200,True,False,SAFETY_GUIDE,503ad695-e7a1-4d39-b0f2-92f4942a49c4,540,2026-02-14T00:24:16,"先按这个顺序处理：
1) 立即关闭燃气阀门。
2) 打开门窗通风，不要开关任何电器。
3) 人员先撤到安全区域。
4) 联系应急热线 400-888-0000。
处理完应急后，您回复我“继续”，我再帮您安排后续处理。",
v20260213-fix2,DQ087,配件商城与购物车,最贵那件删掉，我预算不够。,ACCESSORIES_OR_CART,200,True,False,UNKNOWN,eafab440-9052-4a69-b2fe-ae46ae809f48,551,2026-02-14T00:24:16,"配件这边目前是“加购物车后统一下单”，不走单品直购。
您可以直接告诉我要加什么（例如：软管2件、减压阀1件），我来帮您整理并下单。",
v20260213-fix2,DQ088,配件商城与购物车,配件也能选配送时间吧？我要明天下午。,ACCESSORIES_OR_CART,200,True,False,CREATE_ORDER,48e28b1f-bc16-457e-bd70-11f0b0d4b1f4,578,2026-02-14T00:24:17,您要办理的是“配件”。好的，请告诉我配件和数量（例如：软管2件、减压阀1件）。,
v20260213-fix2,DQ089,配件商城与购物车,配件单我要开票，抬头是苏州XX餐饮。,ACCESSORIES_OR_CART,200,True,False,UNKNOWN,b6b71933-2042-4d85-81fe-c55c74c0c5ac,539,2026-02-14T00:24:17,可以开票。我先记下您的开票要求；如果您是新下单，我会把发票信息一并写进备注里，后续只需要继续补齐下单信息即可。,
v20260213-fix2,DQ090,配件商城与购物车,配件和服务单能一起结算吗？,ACCESSORIES_OR_CART,200,True,False,CREATE_ORDER,1b9c9d31-bd28-4818-acfe-0d5787de77bc,567,2026-02-14T00:24:18,您要办理的是“配件”。好的，请告诉我配件和数量（例如：软管2件、减压阀1件）。,
v20260213-fix2,DQ091,配件商城与购物车,我先不支付，先生成订单看看。,ACCESSORIES_OR_CART,200,True,False,QUERY_ORDER,b119ea1e-85d4-42e3-b8c3-af352e7420e2,564,2026-02-14T00:24:18,请把要支付的订单号发我（例如：LPG2026020912345678），我马上处理。,
v20260213-fix2,DQ092,配件商城与购物车,支付成功后订单列表能看到配件单吧？,ACCESSORIES_OR_CART,200,True,False,UNKNOWN,cba775b8-f045-4c10-99a9-8859782bc471,552,2026-02-14T00:24:19,"配件这边目前是“加购物车后统一下单”，不走单品直购。
您可以直接告诉我要加什么（例如：软管2件、减压阀1件），我来帮您整理并下单。",
v20260213-fix2,DQ093,配件商城与购物车,给我推荐3个后厨常用配件，实用点。,ACCESSORIES_OR_CART,200,True,False,CREATE_ORDER,3fbc5b76-fe1b-4e86-aa13-e5d1ebda24c7,553,2026-02-14T00:24:19,您要办理的是“配件”。好的，请告诉我配件和数量（例如：软管2件、减压阀1件）。,
v20260213-fix2,DQ094,配件商城与购物车,买错了配件怎么取消，规则你说清楚。,ACCESSORIES_OR_CART,200,True,False,CREATE_ORDER,4f1b0f87-caec-4319-859f-349a9d0a8dd5,551,2026-02-14T00:24:20,您要办理的是“配件”。好的，请告诉我配件和数量（例如：软管2件、减压阀1件）。,
v20260213-fix2,DQ095,配件商城与购物车,我想一键清空购物车，保留收藏。,ACCESSORIES_OR_CART,200,True,False,UNKNOWN,a5d11c09-71a3-4a7b-b4fd-c082d8a28bee,538,2026-02-14T00:24:21,"配件这边目前是“加购物车后统一下单”，不走单品直购。
您可以直接告诉我要加什么（例如：软管2件、减压阀1件），我来帮您整理并下单。",
v20260213-fix2,DQ096,配件商城与购物车,底部那个购物车按钮点完应该进入哪一步？,ACCESSORIES_OR_CART,200,True,False,UNKNOWN,ba38f071-f413-4a48-84cf-a3dc7315a6e4,559,2026-02-14T00:24:21,"配件这边目前是“加购物车后统一下单”，不走单品直购。
您可以直接告诉我要加什么（例如：软管2件、减压阀1件），我来帮您整理并下单。",
v20260213-fix2,DQ097,配件商城与购物车,软管2米来两条，再加一个减压阀。,ACCESSORIES_OR_CART,200,True,True,CREATE_ORDER,b0c1648d-7cae-43ed-9fa5-f597e9b53231,556,2026-02-14T00:24:22,"我先把订单信息整理好了，您确认一下：
1. 服务类型：配件
2. 服务项目：软管×2、减压阀×2
3. 服务地址：默认地址
4. 联系方式：测试账号 123
5. 预约时间：尽快（系统自动分配）
6. 是否加急：否
7. 备注：无

请确认上面的订单信息是否正确。回复“确认下单”我就为您提交；如需修改，直接告诉我要改哪一项。",
v20260213-fix2,DQ098,配件商城与购物车,我只会说‘买点配件’，你来问我要买啥。,ACCESSORIES_OR_CART,200,True,False,CREATE_ORDER,86bdd972-629c-414d-82d9-f4f79a15afbb,532,2026-02-14T00:24:22,您要办理的是“配件”。好的，请告诉我配件和数量（例如：软管2件、减压阀1件）。,
v20260213-fix2,DQ099,配件商城与购物车,这个SKU我记不住，你按名称帮我下就行。,ACCESSORIES_OR_CART,200,True,False,UNKNOWN,0bece0ce-442e-4d11-8ea8-107d22a99aeb,531,2026-02-14T00:24:23,"配件这边目前是“加购物车后统一下单”，不走单品直购。
您可以直接告诉我要加什么（例如：软管2件、减压阀1件），我来帮您整理并下单。",
v20260213-fix2,DQ100,配件商城与购物车,配件下单也用默认地址和手机号。,ACCESSORIES_OR_CART,200,True,False,UNKNOWN,62f6fa67-e4d8-482b-b034-ad5796718c4e,564,2026-02-14T00:24:23,"您当前默认地址是：测试地址1号（测试账号 123）
共 2 个地址。
如需切换默认地址，告诉我“把地址ID 12 设为默认地址”即可。",
v20260213-fix2,DQ101,配件商城与购物车,我不要直购，就走购物车统一下单。,ACCESSORIES_OR_CART,200,True,False,UNKNOWN,95530a02-263b-4625-a9d5-a534d4a307ab,539,2026-02-14T00:24:24,"配件这边目前是“加购物车后统一下单”，不走单品直购。
您可以直接告诉我要加什么（例如：软管2件、减压阀1件），我来帮您整理并下单。",
v20260213-fix2,DQ102,配件商城与购物车,配件下单前也请给我一个确认小结。,ACCESSORIES_OR_CART,200,True,False,CREATE_ORDER,c8f4558f-a645-45a6-8d71-2d560ebe6f6c,564,2026-02-14T00:24:24,您要办理的是“配件”。好的，请告诉我配件和数量（例如：软管2件、减压阀1件）。,
v20260213-fix2,DQ103,订单查询,帮我看下最近一个月所有订单。,ORDER_QUERY,200,True,False,QUERY_ORDER,4956d79b-d78d-451d-a89f-c663d7752d13,555,2026-02-14T00:24:25,目前还没有查到订单记录。要不要我现在帮您下第一单？,
v20260213-fix2,DQ104,订单查询,只看待付款的，别的先不看。,ORDER_QUERY,200,True,False,QUERY_ORDER,2069df33-8de3-4ce9-9287-ef5964df80e2,570,2026-02-14T00:24:25,目前还没有查到订单记录。要不要我现在帮您下第一单？,
v20260213-fix2,DQ105,订单查询,进行中的单子给我按最新排一下。,ORDER_QUERY,200,True,False,QUERY_ORDER,abe77719-7d1e-4873-af71-f95966108994,564,2026-02-14T00:24:26,目前还没有查到订单记录。要不要我现在帮您下第一单？,
v20260213-fix2,DQ106,订单查询,查一下LPG202602091135071866这单。,ORDER_QUERY,200,True,False,QUERY_ORDER,d414a238-1a90-407d-b97c-8e0b9b958fe2,568,2026-02-14T00:24:27,没找到这笔订单，请您核对一下订单号后再发我。,
v20260213-fix2,DQ107,订单查询,我昨天那单现在到哪一步了？,ORDER_QUERY,200,True,False,QUERY_ORDER,71db35f1-1e4a-4d9e-9e6c-295c9fe09bfc,564,2026-02-14T00:24:27,目前还没有查到订单记录。要不要我现在帮您下第一单？,
v20260213-fix2,DQ108,订单查询,给我看下这单的地址快照和联系人快照。,ORDER_QUERY,200,True,False,QUERY_ORDER,92a1795a-f2be-49d6-98ab-95226fb0b19c,569,2026-02-14T00:24:28,目前还没有查到订单记录。要不要我现在帮您下第一单？,
v20260213-fix2,DQ109,订单查询,预计送达窗口是几点到几点？,ORDER_QUERY,200,True,False,QUERY_ORDER,a624fd39-8455-4109-9283-932ab914e473,563,2026-02-14T00:24:28,目前还没有查到订单记录。要不要我现在帮您下第一单？,
v20260213-fix2,DQ110,订单查询,费用明细给我拆开看：小计、加急费、总价。,ORDER_QUERY,200,True,False,QUERY_ORDER,e6029544-79aa-43a2-be82-3f319dd7aee1,560,2026-02-14T00:24:29,您当前还没有可查询的订单。,
v20260213-fix2,DQ111,订单查询,筛一下已完成的安装单。,ORDER_QUERY,200,True,False,QUERY_ORDER,ddd9ae1f-cf97-4549-b05c-a9aa9827d87a,550,2026-02-14T00:24:29,目前还没有查到订单记录。要不要我现在帮您下第一单？,
v20260213-fix2,DQ112,订单查询,订单多的话给我第2页。,ORDER_QUERY,200,True,False,QUERY_ORDER,09ea9e83-0e76-4b73-bcf5-9d3af5559675,559,2026-02-14T00:24:30,目前还没有查到订单记录。要不要我现在帮您下第一单？,
v20260213-fix2,DQ113,订单查询,最近三笔配件单拉一下。,ORDER_QUERY,200,True,False,UNKNOWN,aa318394-0745-4e8a-a96b-fe958662558a,536,2026-02-14T00:24:31,"配件这边目前是“加购物车后统一下单”，不走单品直购。
您可以直接告诉我要加什么（例如：软管2件、减压阀1件），我来帮您整理并下单。",
v20260213-fix2,DQ114,订单查询,帮我统计一下各状态有多少单。,ORDER_QUERY,200,True,False,QUERY_ORDER,00493643-bc01-402e-9539-884e694a4157,618,2026-02-14T00:24:31,"按状态统计如下：
- 待支付：0 单
- 已支付：0 单
- 已预约：0 单
- 服务中：0 单
- 已完成：0 单
- 已取消：0 单
- 已过期：0 单",
v20260213-fix2,DQ115,订单查询,我记不住订单号，你按最近下单时间找。,ORDER_QUERY,200,True,False,UNKNOWN,3f1f64fe-ae5c-4533-97d7-5423f477528b,555,2026-02-14T00:24:32,我可以直接帮您下单。您先告诉我服务类型或规格数量，我会一步步问完并给您确认。,
v20260213-fix2,DQ116,订单查询,查下‘今天创建但还没支付’的单子。,ORDER_QUERY,200,True,False,QUERY_ORDER,a6132768-a93b-4d25-b977-a5b857c8028a,548,2026-02-14T00:24:32,请把要支付的订单号发我（例如：LPG2026020912345678），我马上处理。,
v20260213-fix2,DQ117,订单查询,我想看这周所有报修单进度。,ORDER_QUERY,200,True,True,CREATE_ORDER,873c1e51-81f1-4dc5-9ec9-d44904b80de1,561,2026-02-14T00:24:33,"我先把订单信息整理好了，您确认一下：
1. 服务类型：报修
2. 服务项目：我想看这周所有报修单进度。
3. 服务地址：默认地址
4. 联系方式：测试账号 123
5. 预约时间：尽快（系统自动分配）
6. 是否加急：否
7. 备注：无

请确认上面的订单信息是否正确。回复“确认下单”我就为您提交；如需修改，直接告诉我要改哪一项。",
v20260213-fix2,DQ118,订单查询,这单谁接的、什么时候开始服务？,ORDER_QUERY,200,True,False,QUERY_ORDER,af2df898-fcb5-4f66-b257-5a522ab80656,587,2026-02-14T00:24:33,目前还没有查到订单记录。要不要我现在帮您下第一单？,
v20260213-fix2,DQ119,订单查询,只给我看我账号名下的，不要混别人的。,ORDER_QUERY,200,True,False,UNKNOWN,14a9af83-741f-416c-9000-92b976d740fa,550,2026-02-14T00:24:34,我可以直接帮您处理。您告诉我现在最想办哪件事就行，比如“下单两瓶15kg”或“查最近订单”。,
v20260213-fix2,DQ120,订单查询,我想按服务类型筛：只看安检。,ORDER_QUERY,200,True,True,CREATE_ORDER,ccb2147a-980f-42d3-b77d-acd82f06adae,557,2026-02-14T00:24:35,"我先把订单信息整理好了，您确认一下：
1. 服务类型：安检
2. 服务项目：我想按服务类型筛：只看安检。
3. 服务地址：默认地址
4. 联系方式：测试账号 123
5. 预约时间：尽快（系统自动分配）
6. 是否加急：否
7. 备注：无

请确认上面的订单信息是否正确。回复“确认下单”我就为您提交；如需修改，直接告诉我要改哪一项。",
v20260213-fix2,DQ121,订单查询,订单列表里那条‘进行中’，点进去前先口头说下进度。,ORDER_QUERY,200,True,False,QUERY_ORDER,7996a108-d41e-4162-a60b-73050966c5ff,549,2026-02-14T00:24:35,目前还没有查到订单记录。要不要我现在帮您下第一单？,
v20260213-fix2,DQ122,订单查询,我就问一句：我还有没完成的单吗？,ORDER_QUERY,200,True,False,QUERY_ORDER,09546ddc-ce89-4455-a7da-a27334b0e4ae,598,2026-02-14T00:24:36,您当前还有 0 笔未完成订单。,
v20260213-fix2,DQ123,取消改址支付,我想取消刚下的那笔订单。,ORDER_CHANGE,200,True,False,QUERY_ORDER,b96770c1-c60a-424b-8aad-831dafaf2431,545,2026-02-14T00:24:36,按规则，服务开始前至少 1 小时才能取消。把订单号发我，我马上帮您判断是否可取消。,
v20260213-fix2,DQ124,取消改址支付,这单还能取消吗？你先判断规则。,ORDER_CHANGE,200,True,False,QUERY_ORDER,6c33ef56-87b7-4139-bb53-90b143d1adc5,545,2026-02-14T00:24:37,按规则，服务开始前至少 1 小时才能取消。把订单号发我，我马上帮您判断是否可取消。,
v20260213-fix2,DQ125,取消改址支付,地址改成浦东新区XX路88号，能改就改。,ORDER_CHANGE,200,True,False,MODIFY_ORDER,02e04c83-8e1d-4428-b9e4-9caa275faf22,538,2026-02-14T00:24:37,按规则，服务开始前至少 1 小时才能改址。把订单号发我，我先帮您判断是否可改。,
v20260213-fix2,DQ126,取消改址支付,离服务不到1小时了，还能改址不？,ORDER_CHANGE,200,True,False,MODIFY_ORDER,77ec4a41-1999-4c57-8925-1330836dd351,553,2026-02-14T00:24:38,按规则，服务开始前至少 1 小时才能改址。把订单号发我，我先帮您判断是否可改。,
v20260213-fix2,DQ127,取消改址支付,我超过30分钟没付款，这单是不是废了？,ORDER_CHANGE,200,True,False,QUERY_ORDER,7af028bc-ea99-494a-829e-d122e73af57b,592,2026-02-14T00:24:38,目前还没有查到订单记录。要不要我现在帮您下第一单？,
v20260213-fix2,DQ128,取消改址支付,帮我把这笔待付款单直接支付掉（mock也行）。,ORDER_CHANGE,200,True,False,QUERY_ORDER,f4fc20d9-6838-4d9b-b205-f421dfb0c64e,533,2026-02-14T00:24:39,请把要支付的订单号发我（例如：LPG2026020912345678），我马上处理。,
v20260213-fix2,DQ129,取消改址支付,支付后状态会怎么变，你说人话版就行。,ORDER_CHANGE,200,True,False,QUERY_ORDER,631f2c63-4e65-4892-a708-8707f38bca3b,575,2026-02-14T00:24:40,请把要支付的订单号发我（例如：LPG2026020912345678），我马上处理。,
v20260213-fix2,DQ130,取消改址支付,要是支付失败了，你会怎么提示我？,ORDER_CHANGE,200,True,False,QUERY_ORDER,37500e37-6b50-407f-967c-a4ecb0c7374b,556,2026-02-14T00:24:40,请把要支付的订单号发我（例如：LPG2026020912345678），我马上处理。,
v20260213-fix2,DQ131,取消改址支付,已经在服务中了，我还能取消吗？,ORDER_CHANGE,200,True,False,UNKNOWN,8cedca07-1040-42a3-bb1e-db614ca1c246,564,2026-02-14T00:24:41,我可以直接帮您处理。您告诉我现在最想办哪件事就行，比如“下单两瓶15kg”或“查最近订单”。,
v20260213-fix2,DQ132,取消改址支付,改址成功后，历史订单地址别被新地址覆盖。,ORDER_CHANGE,200,True,False,MODIFY_ORDER,e416d068-d100-46a0-9ef1-4c47163a0044,552,2026-02-14T00:24:41,按规则，服务开始前至少 1 小时才能改址。把订单号发我，我先帮您判断是否可改。,
v20260213-fix2,DQ133,取消改址支付,我现在后悔了，想撤单，先告诉我能不能撤。,ORDER_CHANGE,200,True,False,QUERY_ORDER,66351d34-6b59-4845-a67d-30dfb5250906,541,2026-02-14T00:24:42,按规则，服务开始前至少 1 小时才能取消。把订单号发我，我马上帮您判断是否可取消。,
v20260213-fix2,DQ134,取消改址支付,这单改地址不行的话，能不能新建一单替代？,ORDER_CHANGE,200,True,False,MODIFY_ORDER,2530b76e-4046-4752-87c3-0530cfa39b48,556,2026-02-14T00:24:42,按规则，服务开始前至少 1 小时才能改址。把订单号发我，我先帮您判断是否可改。,
v20260213-fix2,DQ135,取消改址支付,取消失败请把原因说清楚，别只给错误码。,ORDER_CHANGE,200,True,False,UNKNOWN,4de51dde-142a-4a25-8c93-fe86e405b3da,553,2026-02-14T00:24:43,我可以直接帮您处理。您告诉我现在最想办哪件事就行，比如“下单两瓶15kg”或“查最近订单”。,
v20260213-fix2,DQ136,取消改址支付,这笔单我现在付，付完你再帮我查状态。,ORDER_CHANGE,200,True,False,QUERY_ORDER,6e8e2c71-1951-4fc8-8fb4-2db8ed03eb41,569,2026-02-14T00:24:43,请把要支付的订单号发我（例如：LPG2026020912345678），我马上处理。,
v20260213-fix2,DQ137,取消改址支付,我不确定单号，你按最近待付款那笔先试支付。,ORDER_CHANGE,200,True,False,QUERY_ORDER,a1e594ca-498e-47de-9f6e-846ece0f8b90,543,2026-02-14T00:24:44,请把要支付的订单号发我（例如：LPG2026020912345678），我马上处理。,
v20260213-fix2,DQ138,取消改址支付,改址如果超时了，能不能转成投诉/工单处理？,ORDER_CHANGE,200,True,False,MODIFY_ORDER,d62e8bba-13f4-4d97-9a94-c72e6b193227,562,2026-02-14T00:24:45,按规则，服务开始前至少 1 小时才能改址。把订单号发我，我先帮您判断是否可改。,
v20260213-fix2,DQ139,账户与地址,帮我看下我的个人资料现在是什么。,PROFILE_OR_ADDRESS,200,True,False,UNKNOWN,8fd22f1a-50e1-47eb-affe-2a6059f1925a,563,2026-02-14T00:24:45,您当前资料：姓名/昵称“测试账号”，手机号 123。如需修改，直接告诉我要改成什么。,
v20260213-fix2,DQ140,账户与地址,把我的显示名改成‘张建国（采购）’。,PROFILE_OR_ADDRESS,200,True,False,UNKNOWN,0103c1fa-35a6-4bbd-94c0-426c06ff6788,568,2026-02-14T00:24:46,可以的。请告诉我您要修改成的姓名或昵称（2-32个字符）。,
v20260213-fix2,DQ141,账户与地址,我想改登录密码，流程怎么走？,PROFILE_OR_ADDRESS,200,True,False,UNKNOWN,1c748ea6-1ed7-47df-bb48-69cfc83a4682,544,2026-02-14T00:24:46,出于账号安全考虑，修改密码请在“个人中心-修改密码”中完成。我可以引导您现在跳转过去。,
v20260213-fix2,DQ142,账户与地址,新增地址：李华 13900001111 徐汇区XX路100号 3栋502。,PROFILE_OR_ADDRESS,200,True,True,UNKNOWN,7af8fde1-16a6-497f-b7b2-0fe64aae6cff,545,2026-02-14T00:24:47,"将新增地址：徐汇区XX路100号 3栋502（李华 13900001111）。

确认的话回复“确认”，不执行回复“取消”。",
v20260213-fix2,DQ143,账户与地址,刚加的地址设成默认地址。,PROFILE_OR_ADDRESS,200,True,False,UNKNOWN,d4ae70d6-cd7d-42f8-90e6-3eb39e65f27a,566,2026-02-14T00:24:47,请告诉我要设为默认的地址ID，例如：把地址ID 12 设为默认地址。,
v20260213-fix2,DQ144,账户与地址,手机号我填了123这种，应该拦截吧？,PROFILE_OR_ADDRESS,200,True,False,UNKNOWN,38317116-3f7b-42e6-8bfe-4985b49ec111,558,2026-02-14T00:24:48,"会拦截的。手机号需要是中国大陆 11 位手机号（1开头），像“123”这种会被判定为无效。
如果是测试账号，只有登录手机号允许使用 123。",
v20260213-fix2,DQ145,账户与地址,我有两个地址，帮我确认哪个是默认。,PROFILE_OR_ADDRESS,200,True,False,UNKNOWN,cab57af8-b1bb-449e-832c-6fcef021fac0,549,2026-02-14T00:24:48,"您当前默认地址是：测试地址1号（测试账号 123）
共 2 个地址。
如需切换默认地址，告诉我“把地址ID 12 设为默认地址”即可。",
v20260213-fix2,DQ146,账户与地址,把默认地址联系人改成王姐，电话别动。,PROFILE_OR_ADDRESS,200,True,True,UNKNOWN,98339db7-4b43-4f97-a665-b2d4e81ecf06,550,2026-02-14T00:24:49,"将修改默认地址（ID 2）的联系人信息。

确认的话回复“确认”，不执行回复“取消”。",
v20260213-fix2,DQ147,账户与地址,地址备注加一句‘后门收货，白天有人’。,PROFILE_OR_ADDRESS,200,True,False,UNKNOWN,2d2a5e50-6d90-4464-a6e5-b57beb6c7321,557,2026-02-14T00:24:50,我可以帮您处理账户和地址。您可以说“看我的资料”“新增地址”或“把地址ID 12 设为默认”。,
v20260213-fix2,DQ148,账户与地址,我换手机号了，资料里也要同步改。,PROFILE_OR_ADDRESS,200,True,False,UNKNOWN,06d371d1-1bd7-40b5-8477-eb23d1dc6306,552,2026-02-14T00:24:50,我可以直接帮您处理。您告诉我现在最想办哪件事就行，比如“下单两瓶15kg”或“查最近订单”。,
v20260213-fix2,DQ149,账户与地址,账号密码相关操作要不要二次确认？,PROFILE_OR_ADDRESS,200,True,False,UNKNOWN,86e0da79-fda3-4d40-9dd8-f122a807b04e,565,2026-02-14T00:24:51,我可以直接帮您处理。您告诉我现在最想办哪件事就行，比如“下单两瓶15kg”或“查最近订单”。,
v20260213-fix2,DQ150,账户与地址,个人中心里能不能直接跳最近订单列表？,PROFILE_OR_ADDRESS,200,True,False,QUERY_ORDER,1f4587f1-6e5b-4613-b8e4-3d0233a9f926,551,2026-02-14T00:24:51,目前还没有查到订单记录。要不要我现在帮您下第一单？,
v20260213-fix2,DQ151,投诉与安全知识,我要投诉昨天配送员态度不好，关联最近那单。,COMPLAINT_OR_SAFETY,200,True,True,CREATE_TICKET,85d3b6ac-1ef3-4c65-b7ca-8ac38be16a38,553,2026-02-14T00:24:52,"将提交一条投诉反馈。

确认的话回复“确认”，不执行回复“取消”。",
v20260213-fix2,DQ152,投诉与安全知识,我要提个建议：页面按钮太多，能不能简化。,COMPLAINT_OR_SAFETY,200,True,True,CREATE_TICKET,fab5a05b-d9f9-49bd-9574-67a164a35b6e,533,2026-02-14T00:24:52,"将提交一条建议反馈。

确认的话回复“确认”，不执行回复“取消”。",
v20260213-fix2,DQ153,投诉与安全知识,燃气泄漏了先做什么？给我短句步骤，马上能照做。,COMPLAINT_OR_SAFETY,200,True,False,SAFETY_GUIDE,97c17ffd-10a9-42db-85cf-07c7b7c88da1,545,2026-02-14T00:24:53,"先按这个顺序处理：
1) 立即关闭燃气阀门。
2) 打开门窗通风，不要开关任何电器。
3) 人员先撤到安全区域。
4) 联系应急热线 400-888-0000。
处理完应急后，您回复我“继续”，我再帮您安排后续处理。",
v20260213-fix2,DQ154,投诉与安全知识,闻到煤气味但不确定，先别吓我，按轻重缓急说。,COMPLAINT_OR_SAFETY,200,True,False,UNKNOWN,bce72ad3-2e94-4e91-8d46-a88ce6a132ca,557,2026-02-14T00:24:53,我可以直接帮您处理。您告诉我现在最想办哪件事就行，比如“下单两瓶15kg”或“查最近订单”。,
v20260213-fix2,DQ155,投诉与安全知识,我想投诉线上客服回复太慢，怎么提交？,COMPLAINT_OR_SAFETY,200,True,True,CREATE_TICKET,5bbc4c16-b9ad-4cfb-83a2-98c52fdf0ef1,522,2026-02-14T00:24:54,"将提交一条投诉反馈。

确认的话回复“确认”，不执行回复“取消”。",
v20260213-fix2,DQ156,投诉与安全知识,这次服务我不满意，能帮我建个工单跟进吗？,COMPLAINT_OR_SAFETY,200,True,False,UNKNOWN,e2bd77b7-608e-4c47-a274-7cf73b548ad5,571,2026-02-14T00:24:55,我可以直接帮您处理。您告诉我现在最想办哪件事就行，比如“下单两瓶15kg”或“查最近订单”。,
v20260213-fix2,DQ157,投诉与安全知识,紧急情况要不要先打电话？电话多少？,COMPLAINT_OR_SAFETY,200,True,False,UNKNOWN,062fa302-84fa-475c-8bf9-2794aff062b3,573,2026-02-14T00:24:55,我可以直接帮您处理。您告诉我现在最想办哪件事就行，比如“下单两瓶15kg”或“查最近订单”。,
v20260213-fix2,DQ158,投诉与安全知识,给我一版‘给员工看的’燃气应急提示，越短越好。,COMPLAINT_OR_SAFETY,200,True,False,SAFETY_GUIDE,3e740b8e-cceb-4d6a-90ae-bd803ab1185b,550,2026-02-14T00:24:56,"先按这个顺序处理：
1) 立即关闭燃气阀门。
2) 打开门窗通风，不要开关任何电器。
3) 人员先撤到安全区域。
4) 联系应急热线 400-888-0000。
处理完应急后，您回复我“继续”，我再帮您安排后续处理。",
v20260213-fix2,DQ159,投诉与安全知识,我想表扬今天师傅服务好，也能提交吗？,COMPLAINT_OR_SAFETY,200,True,False,UNKNOWN,cf391155-54c5-4ff8-aa0f-c8d62783a1f5,569,2026-02-14T00:24:56,我可以直接帮您处理。您告诉我现在最想办哪件事就行，比如“下单两瓶15kg”或“查最近订单”。,
v20260213-fix2,DQ160,投诉与安全知识,投诉提交后我怎么查处理进度？,COMPLAINT_OR_SAFETY,200,True,True,CREATE_TICKET,75c02ab1-3203-47f6-8ca7-95ba03f88afc,535,2026-02-14T00:24:57,"将提交一条投诉反馈。

确认的话回复“确认”，不执行回复“取消”。",
